,y,day_of_week,week_of_year,month_of_year,quarter_of_year,year,t,is_weekend,month_sin,month_cos,quarter_sin,quarter_cos,week_sin,week_cos,is_holiday,before_holiday_1,before_holiday_2,after_holiday_1,after_holiday_2,lag_7,lag_14,lag_28,roll_max_3,roll_mean_7,roll_max_7,roll_mean_28,roll_std_7,interaction_trend_vol,trend_weekday_only
2024-09-17,28.0,1,38,9,3,2024,28,0,-1.0,-1.8369701987210297e-16,-1.0,-1.8369701987210297e-16,-0.992708874098054,-0.12053668025532357,0,0,0,0,1,43.0,18.0,0.0,54.0,31.142857142857142,54.0,15.25,18.97743020387263,591.0113977777476,31.142857142857142
2024-09-18,38.0,2,38,9,3,2024,29,0,-1.0,-1.8369701987210297e-16,-1.0,-1.8369701987210297e-16,-0.992708874098054,-0.12053668025532357,0,0,0,0,0,49.0,31.0,0.0,28.0,29.0,54.0,16.25,18.24828759089466,529.2003401359451,29.0
2024-09-19,45.0,3,38,9,3,2024,30,0,-1.0,-1.8369701987210297e-16,-1.0,-1.8369701987210297e-16,-0.992708874098054,-0.12053668025532357,0,0,0,0,0,26.0,13.0,6.0,38.0,27.428571428571427,54.0,17.607142857142858,16.64188633996702,456.4631681819525,27.428571428571427
2024-09-20,21.0,4,38,9,3,2024,31,0,-1.0,-1.8369701987210297e-16,-1.0,-1.8369701987210297e-16,-0.992708874098054,-0.12053668025532357,0,0,0,0,0,18.0,23.0,6.0,45.0,30.142857142857142,54.0,19.0,17.873896902359892,538.770320913991,30.142857142857142
2024-09-21,0.0,5,38,9,3,2024,32,1,-1.0,-1.8369701987210297e-16,-1.0,-1.8369701987210297e-16,-0.992708874098054,-0.12053668025532357,0,0,0,0,0,54.0,0.0,0.0,45.0,30.571428571428573,54.0,19.535714285714285,17.567556677553302,537.0653041423438,0.0
2024-09-22,1.0,6,38,9,3,2024,33,1,-1.0,-1.8369701987210297e-16,-1.0,-1.8369701987210297e-16,-0.992708874098054,-0.12053668025532357,0,0,0,0,0,0.0,0.0,0.0,45.0,22.857142857142858,45.0,19.535714285714285,17.42056802966512,398.1844121066313,0.0
2024-09-23,47.0,0,39,9,3,2024,34,0,-1.0,-1.8369701987210297e-16,-1.0,-1.8369701987210297e-16,-1.0,-1.8369701987210297e-16,0,0,0,0,0,28.0,51.0,1.0,21.0,23.0,45.0,19.571428571428573,17.204650534085253,395.7069622839608,23.0
2024-09-24,21.0,1,39,9,3,2024,35,0,-1.0,-1.8369701987210297e-16,-1.0,-1.8369701987210297e-16,-1.0,-1.8369701987210297e-16,0,0,0,0,0,28.0,43.0,4.0,47.0,25.714285714285715,47.0,21.214285714285715,19.474036439272037,500.7609370098524,25.714285714285715
2024-09-25,48.0,2,39,9,3,2024,36,0,-1.0,-1.8369701987210297e-16,-1.0,-1.8369701987210297e-16,-1.0,-1.8369701987210297e-16,0,0,0,0,0,38.0,49.0,7.0,47.0,24.714285714285715,47.0,21.821428571428573,19.516781545755997,482.3433153451125,24.714285714285715
2024-09-26,36.0,3,39,9,3,2024,37,0,-1.0,-1.8369701987210297e-16,-1.0,-1.8369701987210297e-16,-1.0,-1.8369701987210297e-16,0,0,0,0,0,45.0,26.0,1.0,48.0,26.142857142857142,48.0,23.285714285714285,20.96368742555065,548.0506855536812,26.142857142857142
2024-09-27,57.0,4,39,9,3,2024,38,0,-1.0,-1.8369701987210297e-16,-1.0,-1.8369701987210297e-16,-1.0,-1.8369701987210297e-16,0,0,0,0,0,21.0,18.0,35.0,48.0,24.857142857142858,48.0,24.535714285714285,19.8614246839493,493.69827071531114,24.857142857142858
2024-09-28,0.0,5,39,9,3,2024,39,1,-1.0,-1.8369701987210297e-16,-1.0,-1.8369701987210297e-16,-1.0,-1.8369701987210297e-16,0,0,0,0,0,0.0,54.0,11.0,57.0,30.0,57.0,25.321428571428573,23.094010767585033,692.820323027551,0.0
2024-09-29,0.0,6,39,9,3,2024,40,1,-1.0,-1.8369701987210297e-16,-1.0,-1.8369701987210297e-16,-1.0,-1.8369701987210297e-16,0,0,0,0,0,1.0,0.0,0.0,57.0,30.0,57.0,24.928571428571427,23.09401076758503,692.8203230275509,0.0
2024-09-30,14.0,0,40,9,3,2024,41,0,-1.0,-1.8369701987210297e-16,-1.0,-1.8369701987210297e-16,-0.992708874098054,0.1205366802553232,0,0,1,0,0,47.0,28.0,2.0,57.0,29.857142857142858,57.0,24.928571428571427,23.305425487273496,695.833418120023,29.857142857142858
2024-10-01,62.0,1,40,10,4,2024,42,0,-0.8660254037844386,0.5000000000000001,-2.4492935982947064e-16,1.0,-0.992708874098054,0.1205366802553232,0,1,0,0,0,21.0,28.0,18.0,14.0,25.142857142857142,57.0,25.357142857142858,22.586342270116624,567.8851770772179,25.142857142857142
2024-10-02,64.0,2,40,10,4,2024,43,0,-0.8660254037844386,0.5000000000000001,-2.4492935982947064e-16,1.0,-0.992708874098054,0.1205366802553232,1,0,0,0,0,48.0,38.0,31.0,62.0,31.0,62.0,26.928571428571427,26.337552404630664,816.4641245435506,31.0
2024-10-03,56.0,3,40,10,4,2024,44,0,-0.8660254037844386,0.5000000000000001,-2.4492935982947064e-16,1.0,-0.992708874098054,0.1205366802553232,0,0,0,1,0,36.0,45.0,13.0,64.0,33.285714285714285,64.0,28.107142857142858,28.651435599368522,953.6834992361237,33.285714285714285
2024-10-04,43.0,4,40,10,4,2024,45,0,-0.8660254037844386,0.5000000000000001,-2.4492935982947064e-16,1.0,-0.992708874098054,0.1205366802553232,0,0,0,0,1,57.0,21.0,23.0,64.0,36.142857142857146,64.0,29.642857142857142,29.935645260171977,1081.9597501176445,36.142857142857146
2024-10-05,0.0,5,40,10,4,2024,46,1,-0.8660254037844386,0.5000000000000001,-2.4492935982947064e-16,1.0,-0.992708874098054,0.1205366802553232,0,0,0,0,0,0.0,0.0,0.0,64.0,34.142857142857146,64.0,30.357142857142858,28.754295745323404,981.753811876042,0.0
2024-10-06,0.0,6,40,10,4,2024,47,1,-0.8660254037844386,0.5000000000000001,-2.4492935982947064e-16,1.0,-0.992708874098054,0.1205366802553232,0,0,0,0,0,0.0,1.0,0.0,56.0,34.142857142857146,64.0,30.357142857142858,28.754295745323404,981.753811876042,0.0
2024-10-07,35.0,0,41,10,4,2024,48,0,-0.8660254037844386,0.5000000000000001,-2.4492935982947064e-16,1.0,-0.9709418174260521,0.23931566428755738,0,0,0,0,0,14.0,47.0,51.0,43.0,34.142857142857146,64.0,30.357142857142858,28.754295745323404,981.753811876042,34.142857142857146
2024-10-08,84.0,1,41,10,4,2024,49,0,-0.8660254037844386,0.5000000000000001,-2.4492935982947064e-16,1.0,-0.9709418174260521,0.23931566428755738,0,0,0,0,0,62.0,21.0,43.0,35.0,37.142857142857146,64.0,29.785714285714285,27.36438422127426,1016.3914139330441,37.142857142857146
2024-10-09,4.0,2,41,10,4,2024,50,0,-0.8660254037844386,0.5000000000000001,-2.4492935982947064e-16,1.0,-0.9709418174260521,0.23931566428755738,0,0,0,0,0,64.0,48.0,49.0,84.0,40.285714285714285,84.0,31.25,31.626540993888266,1274.097794325213,40.285714285714285
2024-10-10,43.0,3,41,10,4,2024,51,0,-0.8660254037844386,0.5000000000000001,-2.4492935982947064e-16,1.0,-0.9709418174260521,0.23931566428755738,0,0,0,0,0,56.0,36.0,26.0,84.0,31.714285714285715,84.0,29.642857142857142,32.25272229189491,1022.8720498286673,31.714285714285715
2024-10-11,178.0,4,41,10,4,2024,52,0,-0.8660254037844386,0.5000000000000001,-2.4492935982947064e-16,1.0,-0.9709418174260521,0.23931566428755738,0,0,0,0,0,43.0,57.0,18.0,84.0,29.857142857142858,84.0,30.25,30.97003159738228,924.676657693271,29.857142857142858
2024-10-12,0.0,5,41,10,4,2024,53,1,-0.8660254037844386,0.5000000000000001,-2.4492935982947064e-16,1.0,-0.9709418174260521,0.23931566428755738,0,0,1,0,0,0.0,0.0,54.0,178.0,49.142857142857146,178.0,35.964285714285715,64.45264042025632,3167.386900652596,0.0
2024-10-13,0.0,6,41,10,4,2024,54,1,-0.8660254037844386,0.5000000000000001,-2.4492935982947064e-16,1.0,-0.9709418174260521,0.23931566428755738,0,1,0,0,0,0.0,0.0,0.0,178.0,49.142857142857146,178.0,34.035714285714285,64.45264042025632,3167.386900652596,0.0
2024-10-14,45.0,0,42,10,4,2024,55,0,-0.8660254037844386,0.5000000000000001,-2.4492935982947064e-16,1.0,-0.9350162426854148,0.35460488704253557,1,0,0,0,0,35.0,14.0,28.0,178.0,49.142857142857146,178.0,34.035714285714285,64.45264042025632,3167.386900652596,49.142857142857146
2024-10-15,58.0,1,42,10,4,2024,56,0,-0.8660254037844386,0.5000000000000001,-2.4492935982947064e-16,1.0,-0.9350162426854148,0.35460488704253557,0,0,0,1,0,84.0,62.0,28.0,45.0,50.57142857142857,178.0,34.642857142857146,64.19724070616832,3246.5461728547975,50.57142857142857
2024-10-16,255.0,2,42,10,4,2024,57,0,-0.8660254037844386,0.5000000000000001,-2.4492935982947064e-16,1.0,-0.9350162426854148,0.35460488704253557,0,0,0,0,1,4.0,64.0,38.0,58.0,46.857142857142854,178.0,35.714285714285715,62.67489814226153,2936.766655808826,46.857142857142854
2024-10-17,50.0,3,42,10,4,2024,58,0,-0.8660254037844386,0.5000000000000001,-2.4492935982947064e-16,1.0,-0.9350162426854148,0.35460488704253557,0,0,0,0,0,43.0,56.0,45.0,255.0,82.71428571428571,255.0,43.464285714285715,96.65697816801138,7994.912908468369,82.71428571428571
2024-10-18,63.0,4,42,10,4,2024,59,0,-0.8660254037844386,0.5000000000000001,-2.4492935982947064e-16,1.0,-0.9350162426854148,0.35460488704253557,0,0,0,0,0,178.0,43.0,21.0,255.0,83.71428571428571,255.0,43.642857142857146,96.21280975995225,8054.386645618859,83.71428571428571
2024-10-19,0.0,5,42,10,4,2024,60,1,-0.8660254037844386,0.5000000000000001,-2.4492935982947064e-16,1.0,-0.9350162426854148,0.35460488704253557,0,0,0,0,0,0.0,0.0,0.0,255.0,67.28571428571429,255.0,45.142857142857146,86.78654712514356,5839.494813706088,0.0
2024-10-20,0.0,6,42,10,4,2024,61,1,-0.8660254037844386,0.5000000000000001,-2.4492935982947064e-16,1.0,-0.9350162426854148,0.35460488704253557,0,0,0,0,0,0.0,0.0,1.0,63.0,67.28571428571429,255.0,45.142857142857146,86.78654712514356,5839.494813706088,0.0
2024-10-21,57.0,0,43,10,4,2024,62,0,-0.8660254037844386,0.5000000000000001,-2.4492935982947064e-16,1.0,-0.8854560256532101,0.464723172043768,0,0,0,0,0,45.0,35.0,47.0,63.0,67.28571428571429,255.0,45.107142857142854,86.78654712514356,5839.494813706088,67.28571428571429
2024-10-22,30.0,1,43,10,4,2024,63,0,-0.8660254037844386,0.5000000000000001,-2.4492935982947064e-16,1.0,-0.8854560256532101,0.464723172043768,0,0,0,0,0,58.0,84.0,21.0,57.0,69.0,255.0,45.464285714285715,86.39058590687607,5960.950427574448,69.0
2024-10-23,210.0,2,43,10,4,2024,64,0,-0.8660254037844386,0.5000000000000001,-2.4492935982947064e-16,1.0,-0.8854560256532101,0.464723172043768,0,0,0,0,0,255.0,4.0,48.0,57.0,65.0,255.0,45.785714285714285,87.62419757121887,5695.572842129227,65.0
2024-10-24,34.0,3,43,10,4,2024,65,0,-0.8660254037844386,0.5000000000000001,-2.4492935982947064e-16,1.0,-0.8854560256532101,0.464723172043768,0,0,0,0,0,50.0,43.0,36.0,210.0,58.57142857142857,210.0,51.57142857142857,71.53520611758739,4189.91921545869,58.57142857142857
2024-10-25,103.0,4,43,10,4,2024,66,0,-0.8660254037844386,0.5000000000000001,-2.4492935982947064e-16,1.0,-0.8854560256532101,0.464723172043768,0,0,0,0,0,63.0,178.0,57.0,210.0,56.285714285714285,210.0,51.5,72.10805383985499,4058.653316128981,56.285714285714285
2024-10-26,0.0,5,43,10,4,2024,67,1,-0.8660254037844386,0.5000000000000001,-2.4492935982947064e-16,1.0,-0.8854560256532101,0.464723172043768,0,0,0,0,0,0.0,0.0,0.0,210.0,62.0,210.0,53.142857142857146,74.28099801878449,4605.421877164638,0.0
2024-10-27,0.0,6,43,10,4,2024,68,1,-0.8660254037844386,0.5000000000000001,-2.4492935982947064e-16,1.0,-0.8854560256532101,0.464723172043768,0,0,0,0,0,0.0,0.0,0.0,103.0,62.0,210.0,53.142857142857146,74.28099801878449,4605.421877164638,0.0
2024-10-28,27.0,0,44,10,4,2024,69,0,-0.8660254037844386,0.5000000000000001,-2.4492935982947064e-16,1.0,-0.822983865893657,0.5680647467311548,0,0,0,0,0,57.0,45.0,14.0,103.0,62.0,210.0,53.142857142857146,74.28099801878449,4605.421877164638,62.0
2024-10-29,57.0,1,44,10,4,2024,70,0,-0.8660254037844386,0.5000000000000001,-2.4492935982947064e-16,1.0,-0.822983865893657,0.5680647467311548,0,0,0,0,0,30.0,58.0,62.0,27.0,57.714285714285715,210.0,53.607142857142854,75.47342641776703,4355.8948961111255,57.714285714285715
2024-10-30,48.0,2,44,10,4,2024,71,0,-0.8660254037844386,0.5000000000000001,-2.4492935982947064e-16,1.0,-0.822983865893657,0.5680647467311548,0,0,1,0,0,210.0,255.0,64.0,57.0,61.57142857142857,210.0,53.42857142857143,74.50471381699536,4587.361665017857,61.57142857142857
2024-10-31,46.0,3,44,10,4,2024,72,0,-0.8660254037844386,0.5000000000000001,-2.4492935982947064e-16,1.0,-0.822983865893657,0.5680647467311548,0,1,0,0,0,34.0,50.0,56.0,57.0,38.42857142857143,103.0,52.857142857142854,35.84623245129644,1377.5195041998204,38.42857142857143
2024-11-01,52.0,4,44,11,4,2024,73,0,-0.5000000000000004,0.8660254037844384,-2.4492935982947064e-16,1.0,-0.822983865893657,0.5680647467311548,1,0,0,0,0,103.0,63.0,43.0,57.0,40.142857142857146,103.0,52.5,35.88606308596028,1440.569103879263,40.142857142857146
2024-11-02,0.0,5,44,11,4,2024,74,1,-0.5000000000000004,0.8660254037844384,-2.4492935982947064e-16,1.0,-0.822983865893657,0.5680647467311548,0,0,0,1,0,0.0,0.0,0.0,52.0,32.857142857142854,57.0,52.82142857142857,24.30657367482139,798.6445636012742,0.0
2024-11-03,0.0,6,44,11,4,2024,75,1,-0.5000000000000004,0.8660254037844384,-2.4492935982947064e-16,1.0,-0.822983865893657,0.5680647467311548,0,0,0,0,1,0.0,0.0,0.0,52.0,32.857142857142854,57.0,52.82142857142857,24.30657367482139,798.6445636012742,0.0
2024-11-04,38.0,0,45,11,4,2024,76,0,-0.5000000000000004,0.8660254037844384,-2.4492935982947064e-16,1.0,-0.7485107481711011,0.6631226582407952,0,0,0,0,0,27.0,57.0,35.0,52.0,32.857142857142854,57.0,52.82142857142857,24.30657367482139,798.6445636012742,32.857142857142854
2024-11-05,29.0,1,45,11,4,2024,77,0,-0.5000000000000004,0.8660254037844384,-2.4492935982947064e-16,1.0,-0.7485107481711011,0.6631226582407952,0,0,0,0,0,57.0,30.0,84.0,38.0,34.42857142857143,57.0,52.92857142857143,24.220219809470024,833.8675677260394,34.42857142857143
2024-11-06,27.0,2,45,11,4,2024,78,0,-0.5000000000000004,0.8660254037844384,-2.4492935982947064e-16,1.0,-0.7485107481711011,0.6631226582407952,0,0,0,0,0,48.0,210.0,4.0,38.0,30.428571428571427,52.0,50.964285714285715,22.089644201579553,672.1563164194921,30.428571428571427
2024-11-07,231.0,3,45,11,4,2024,79,0,-0.5000000000000004,0.8660254037844384,-2.4492935982947064e-16,1.0,-0.7485107481711011,0.6631226582407952,0,0,0,0,0,46.0,34.0,43.0,38.0,27.428571428571427,52.0,51.785714285714285,20.687009956791165,567.4151302434148,27.428571428571427
2024-11-08,66.0,4,45,11,4,2024,80,0,-0.5000000000000004,0.8660254037844384,-2.4492935982947064e-16,1.0,-0.7485107481711011,0.6631226582407952,0,0,0,0,0,52.0,103.0,178.0,231.0,53.857142857142854,231.0,58.5,80.3895278657375,4329.5502864832915,53.857142857142854
2024-11-09,0.0,5,45,11,4,2024,81,1,-0.5000000000000004,0.8660254037844384,-2.4492935982947064e-16,1.0,-0.7485107481711011,0.6631226582407952,0,0,1,0,0,0.0,0.0,0.0,231.0,55.857142857142854,231.0,54.5,80.50968590057673,4497.041026732214,0.0
2024-11-10,0.0,6,45,11,4,2024,82,1,-0.5000000000000004,0.8660254037844384,-2.4492935982947064e-16,1.0,-0.7485107481711011,0.6631226582407952,0,1,0,0,0,0.0,0.0,0.0,231.0,55.857142857142854,231.0,54.5,80.50968590057673,4497.041026732214,0.0
2024-11-11,48.0,0,46,11,4,2024,83,0,-0.5000000000000004,0.8660254037844384,-2.4492935982947064e-16,1.0,-0.6631226582407955,0.7485107481711007,1,0,0,0,0,38.0,27.0,45.0,66.0,55.857142857142854,231.0,54.5,80.50968590057673,4497.041026732214,55.857142857142854
2024-11-12,112.0,1,46,11,4,2024,84,0,-0.5000000000000004,0.8660254037844384,-2.4492935982947064e-16,1.0,-0.6631226582407955,0.7485107481711007,0,0,0,1,0,29.0,57.0,58.0,48.0,57.285714285714285,231.0,54.607142857142854,80.2282458275851,4595.932368123089,57.285714285714285
2024-11-13,46.0,2,46,11,4,2024,85,0,-0.5000000000000004,0.8660254037844384,-2.4492935982947064e-16,1.0,-0.6631226582407955,0.7485107481711007,0,0,0,0,1,27.0,48.0,255.0,112.0,69.14285714285714,231.0,56.535714285714285,81.4747989082689,5633.400381657449,69.14285714285714
2024-11-14,52.0,3,46,11,4,2024,86,0,-0.5000000000000004,0.8660254037844384,-2.4492935982947064e-16,1.0,-0.6631226582407955,0.7485107481711007,0,0,0,0,0,231.0,46.0,50.0,112.0,71.85714285714286,231.0,49.07142857142857,80.14243272954423,5758.806237565821,71.85714285714286
2024-11-15,25.0,4,46,11,4,2024,87,0,-0.5000000000000004,0.8660254037844384,-2.4492935982947064e-16,1.0,-0.6631226582407955,0.7485107481711007,0,0,0,0,0,66.0,52.0,63.0,112.0,46.285714285714285,112.0,49.142857142857146,38.7888054542986,1795.3675667418208,46.285714285714285
2024-11-16,0.0,5,46,11,4,2024,88,1,-0.5000000000000004,0.8660254037844384,-2.4492935982947064e-16,1.0,-0.6631226582407955,0.7485107481711007,0,0,0,0,0,0.0,0.0,0.0,52.0,40.42857142857143,112.0,47.785714285714285,38.409448242401375,1552.8391217999413,0.0
2024-11-17,0.0,6,46,11,4,2024,89,1,-0.5000000000000004,0.8660254037844384,-2.4492935982947064e-16,1.0,-0.6631226582407955,0.7485107481711007,0,0,0,0,0,0.0,0.0,0.0,52.0,40.42857142857143,112.0,47.785714285714285,38.409448242401375,1552.8391217999413,0.0
2024-11-18,33.0,0,47,11,4,2024,90,0,-0.5000000000000004,0.8660254037844384,-2.4492935982947064e-16,1.0,-0.5680647467311559,0.8229838658936564,0,0,0,0,0,48.0,38.0,57.0,25.0,40.42857142857143,112.0,47.785714285714285,38.409448242401375,1552.8391217999413,40.42857142857143
2024-11-19,41.0,1,47,11,4,2024,91,0,-0.5000000000000004,0.8660254037844384,-2.4492935982947064e-16,1.0,-0.5680647467311559,0.8229838658936564,0,0,0,0,0,112.0,29.0,30.0,33.0,38.285714285714285,112.0,46.92857142857143,38.33498961225142,1467.682459440483,38.285714285714285
2024-11-20,48.0,2,47,11,4,2024,92,0,-0.5000000000000004,0.8660254037844384,-2.4492935982947064e-16,1.0,-0.5680647467311559,0.8229838658936564,0,0,0,0,0,46.0,27.0,210.0,41.0,28.142857142857142,52.0,47.32142857142857,21.09840887704217,593.7695069681868,28.142857142857142
2024-11-21,72.0,3,47,11,4,2024,93,0,-0.5000000000000004,0.8660254037844384,-2.4492935982947064e-16,1.0,-0.5680647467311559,0.8229838658936564,0,0,0,0,0,52.0,231.0,34.0,48.0,28.428571428571427,52.0,41.535714285714285,21.39203233961286,608.1449193689941,28.428571428571427
2024-11-22,42.0,4,47,11,4,2024,94,0,-0.5000000000000004,0.8660254037844384,-2.4492935982947064e-16,1.0,-0.5680647467311559,0.8229838658936564,0,0,0,0,0,25.0,66.0,103.0,72.0,31.285714285714285,72.0,42.892857142857146,25.921125783899836,810.9609352391519,31.285714285714285
2024-11-23,0.0,5,47,11,4,2024,95,1,-0.5000000000000004,0.8660254037844384,-2.4492935982947064e-16,1.0,-0.5680647467311559,0.8229838658936564,0,0,0,0,0,0.0,0.0,0.0,72.0,33.714285714285715,72.0,40.714285714285715,26.03020223838885,877.5896754656812,0.0
2024-11-24,0.0,6,47,11,4,2024,96,1,-0.5000000000000004,0.8660254037844384,-2.4492935982947064e-16,1.0,-0.5680647467311559,0.8229838658936564,0,0,0,0,0,0.0,0.0,0.0,72.0,33.714285714285715,72.0,40.714285714285715,26.03020223838885,877.5896754656812,0.0
2024-11-25,48.0,0,48,11,4,2024,97,0,-0.5000000000000004,0.8660254037844384,-2.4492935982947064e-16,1.0,-0.4647231720437684,0.88545602565321,0,0,0,0,0,33.0,48.0,27.0,42.0,33.714285714285715,72.0,40.714285714285715,26.03020223838885,877.5896754656812,33.714285714285715
2024-11-26,70.0,1,48,11,4,2024,98,0,-0.5000000000000004,0.8660254037844384,-2.4492935982947064e-16,1.0,-0.4647231720437684,0.88545602565321,0,0,1,0,0,41.0,112.0,57.0,48.0,35.857142857142854,72.0,41.464285714285715,26.57334862494474,952.8443578373041,35.857142857142854
2024-11-27,43.0,2,48,11,4,2024,99,0,-0.5000000000000004,0.8660254037844384,-2.4492935982947064e-16,1.0,-0.4647231720437684,0.88545602565321,0,1,0,0,0,48.0,46.0,48.0,70.0,40.0,72.0,41.92857142857143,29.59729717389741,1183.8918869558963,40.0
2024-11-28,24.0,3,48,11,4,2024,100,0,-0.5000000000000004,0.8660254037844384,-2.4492935982947064e-16,1.0,-0.4647231720437684,0.88545602565321,1,0,0,0,0,72.0,52.0,46.0,70.0,39.285714285714285,72.0,41.75,29.43192306387897,1156.2541203666738,39.285714285714285
2024-11-29,9.0,4,48,11,4,2024,101,0,-0.5000000000000004,0.8660254037844384,-2.4492935982947064e-16,1.0,-0.4647231720437684,0.88545602565321,0,0,0,1,0,42.0,25.0,52.0,70.0,32.42857142857143,70.0,40.964285714285715,25.922044305038444,840.6148653205324,32.42857142857143
2024-11-30,0.0,5,48,11,4,2024,102,1,-0.5000000000000004,0.8660254037844384,-2.4492935982947064e-16,1.0,-0.4647231720437684,0.88545602565321,0,0,0,0,1,0.0,0.0,0.0,43.0,27.714285714285715,70.0,39.42857142857143,26.87448781350242,744.8072336884957,0.0
2024-12-01,0.0,6,48,12,4,2024,103,1,-2.4492935982947064e-16,1.0,-2.4492935982947064e-16,1.0,-0.4647231720437684,0.88545602565321,0,0,0,0,0,0.0,0.0,0.0,24.0,27.714285714285715,70.0,39.42857142857143,26.87448781350242,744.8072336884957,0.0
2024-12-02,28.0,0,49,12,4,2024,104,0,-2.4492935982947064e-16,1.0,-2.4492935982947064e-16,1.0,-0.35460488704253595,0.9350162426854147,0,0,0,0,0,48.0,33.0,38.0,9.0,27.714285714285715,70.0,39.42857142857143,26.87448781350242,744.8072336884957,27.714285714285715
2024-12-03,41.0,1,49,12,4,2024,105,0,-2.4492935982947064e-16,1.0,-2.4492935982947064e-16,1.0,-0.35460488704253595,0.9350162426854147,0,0,0,0,0,70.0,41.0,29.0,28.0,24.857142857142858,70.0,39.07142857142857,25.379969604844916,630.8735301775737,24.857142857142858
2024-12-04,39.0,2,49,12,4,2024,106,0,-2.4492935982947064e-16,1.0,-2.4492935982947064e-16,1.0,-0.35460488704253595,0.9350162426854147,0,0,0,0,0,43.0,48.0,27.0,41.0,20.714285714285715,43.0,39.5,18.108140763335047,375.097201526226,20.714285714285715
2024-12-05,38.0,3,49,12,4,2024,107,0,-2.4492935982947064e-16,1.0,-2.4492935982947064e-16,1.0,-0.35460488704253595,0.9350162426854147,0,0,0,0,0,24.0,72.0,231.0,41.0,20.142857142857142,41.0,39.92857142857143,17.334249060059825,349.16130249549076,20.142857142857142
2024-12-06,53.0,4,49,12,4,2024,108,0,-2.4492935982947064e-16,1.0,-2.4492935982947064e-16,1.0,-0.35460488704253595,0.9350162426854147,0,0,0,0,0,9.0,42.0,66.0,41.0,22.142857142857142,41.0,33.035714285714285,18.61387091596439,412.16428456778294,22.142857142857142
2024-12-07,0.0,5,49,12,4,2024,109,1,-2.4492935982947064e-16,1.0,-2.4492935982947064e-16,1.0,-0.35460488704253595,0.9350162426854147,0,0,0,0,0,0.0,0.0,0.0,53.0,28.428571428571427,53.0,32.57142857142857,20.74332939249891,589.7032213010405,0.0
2024-12-08,0.0,6,49,12,4,2024,110,1,-2.4492935982947064e-16,1.0,-2.4492935982947064e-16,1.0,-0.35460488704253595,0.9350162426854147,0,0,0,0,0,0.0,0.0,0.0,53.0,28.428571428571427,53.0,32.57142857142857,20.74332939249891,589.7032213010405,0.0
2024-12-09,64.0,0,50,12,4,2024,111,0,-2.4492935982947064e-16,1.0,-2.4492935982947064e-16,1.0,-0.2393156642875578,0.970941817426052,0,0,0,0,0,28.0,48.0,48.0,53.0,28.428571428571427,53.0,32.57142857142857,20.74332939249891,589.7032213010405,28.428571428571427
2024-12-10,140.0,1,50,12,4,2024,112,0,-2.4492935982947064e-16,1.0,-2.4492935982947064e-16,1.0,-0.2393156642875578,0.970941817426052,0,0,0,0,0,41.0,70.0,112.0,64.0,33.57142857142857,64.0,33.142857142857146,24.703961509962518,829.3472792630273,33.57142857142857
2024-12-11,17.0,2,50,12,4,2024,113,0,-2.4492935982947064e-16,1.0,-2.4492935982947064e-16,1.0,-0.2393156642875578,0.970941817426052,0,0,0,0,0,39.0,43.0,46.0,140.0,47.714285714285715,140.0,34.142857142857146,47.492856605719396,2266.087729472897,47.714285714285715
2024-12-12,36.0,3,50,12,4,2024,114,0,-2.4492935982947064e-16,1.0,-2.4492935982947064e-16,1.0,-0.2393156642875578,0.970941817426052,0,0,0,0,0,38.0,24.0,52.0,140.0,44.57142857142857,140.0,33.107142857142854,48.87350046414768,2178.3617349734395,44.57142857142857
2024-12-13,17.0,4,50,12,4,2024,115,0,-2.4492935982947064e-16,1.0,-2.4492935982947064e-16,1.0,-0.2393156642875578,0.970941817426052,0,0,0,0,0,53.0,9.0,25.0,140.0,44.285714285714285,140.0,32.535714285714285,48.92413952816569,2166.6404648187663,44.285714285714285
2024-12-14,0.0,5,50,12,4,2024,116,1,-2.4492935982947064e-16,1.0,-2.4492935982947064e-16,1.0,-0.2393156642875578,0.970941817426052,0,0,0,0,0,0.0,0.0,0.0,36.0,39.142857142857146,140.0,32.25,49.740756499503036,1946.9953258376904,0.0
2024-12-15,0.0,6,50,12,4,2024,117,1,-2.4492935982947064e-16,1.0,-2.4492935982947064e-16,1.0,-0.2393156642875578,0.970941817426052,0,0,0,0,0,0.0,0.0,0.0,36.0,39.142857142857146,140.0,32.25,49.740756499503036,1946.9953258376904,0.0
2024-12-16,26.0,0,51,12,4,2024,118,0,-2.4492935982947064e-16,1.0,-2.4492935982947064e-16,1.0,-0.12053668025532363,0.992708874098054,0,0,0,0,0,64.0,28.0,33.0,17.0,39.142857142857146,140.0,32.25,49.740756499503036,1946.9953258376904,39.142857142857146
2024-12-17,79.0,1,51,12,4,2024,119,0,-2.4492935982947064e-16,1.0,-2.4492935982947064e-16,1.0,-0.12053668025532363,0.992708874098054,0,0,0,0,0,140.0,41.0,41.0,26.0,33.714285714285715,140.0,32.0,48.63714042346059,1639.7664485623857,33.714285714285715
2024-12-18,20.0,2,51,12,4,2024,120,0,-2.4492935982947064e-16,1.0,-2.4492935982947064e-16,1.0,-0.12053668025532363,0.992708874098054,0,0,0,0,0,17.0,39.0,48.0,79.0,25.0,79.0,33.357142857142854,27.129319932500987,678.2329983125247,25.0
2024-12-19,76.0,3,51,12,4,2024,121,0,-2.4492935982947064e-16,1.0,-2.4492935982947064e-16,1.0,-0.12053668025532363,0.992708874098054,0,0,0,0,0,36.0,38.0,72.0,79.0,25.428571428571427,79.0,32.357142857142854,27.005290486971433,686.7059580972735,25.428571428571427
2024-12-20,31.0,4,51,12,4,2024,122,0,-2.4492935982947064e-16,1.0,-2.4492935982947064e-16,1.0,-0.12053668025532363,0.992708874098054,0,0,0,0,0,17.0,53.0,42.0,79.0,31.142857142857142,79.0,32.5,33.1482959412625,1032.3326450278892,31.142857142857142
2024-12-21,0.0,5,51,12,4,2024,123,1,-2.4492935982947064e-16,1.0,-2.4492935982947064e-16,1.0,-0.12053668025532363,0.992708874098054,0,0,0,0,0,0.0,0.0,0.0,76.0,33.142857142857146,79.0,32.107142857142854,32.570070982568026,1079.465209707969,0.0
2024-12-22,0.0,6,51,12,4,2024,124,1,-2.4492935982947064e-16,1.0,-2.4492935982947064e-16,1.0,-0.12053668025532363,0.992708874098054,0,0,0,0,0,0.0,0.0,0.0,76.0,33.142857142857146,79.0,32.107142857142854,32.570070982568026,1079.465209707969,0.0
2024-12-23,35.0,0,52,12,4,2024,125,0,-2.4492935982947064e-16,1.0,-2.4492935982947064e-16,1.0,6.432490598706546e-16,1.0,0,0,1,0,0,26.0,64.0,48.0,31.0,33.142857142857146,79.0,32.107142857142854,32.570070982568026,1079.465209707969,33.142857142857146
2024-12-24,35.5,1,52,12,4,2024,126,0,-2.4492935982947064e-16,1.0,-2.4492935982947064e-16,1.0,6.432490598706546e-16,1.0,0,1,0,0,0,79.0,140.0,70.0,35.0,34.42857142857143,79.0,31.642857142857142,32.41839571836301,1116.119052589355,34.42857142857143
2024-12-25,0.0,2,52,12,4,2024,127,0,-2.4492935982947064e-16,1.0,-2.4492935982947064e-16,1.0,6.432490598706546e-16,1.0,1,0,0,0,0,20.0,17.0,43.0,35.5,28.214285714285715,76.0,30.410714285714285,25.980533005273216,733.0221812202086,28.214285714285715
2024-12-26,185.0,3,52,12,4,2024,128,0,-2.4492935982947064e-16,1.0,-2.4492935982947064e-16,1.0,6.432490598706546e-16,1.0,0,0,0,1,0,76.0,36.0,24.0,35.5,25.357142857142858,76.0,28.875,28.051610598018296,711.3086973068926,25.357142857142858
2024-12-27,75.0,4,52,12,4,2024,129,0,-2.4492935982947064e-16,1.0,-2.4492935982947064e-16,1.0,6.432490598706546e-16,1.0,0,0,0,0,1,31.0,17.0,9.0,185.0,40.92857142857143,185.0,34.625,65.75866772488915,2691.4083290258204,40.92857142857143
2024-12-28,0.0,5,52,12,4,2024,130,1,-2.4492935982947064e-16,1.0,-2.4492935982947064e-16,1.0,6.432490598706546e-16,1.0,0,0,0,0,0,0.0,0.0,0.0,185.0,47.214285714285715,185.0,36.982142857142854,66.74694571218042,3151.409365410804,0.0
2024-12-29,0.0,6,52,12,4,2024,131,1,-2.4492935982947064e-16,1.0,-2.4492935982947064e-16,1.0,6.432490598706546e-16,1.0,0,0,0,0,0,0.0,0.0,0.0,185.0,47.214285714285715,185.0,36.982142857142854,66.74694571218042,3151.409365410804,0.0
2024-12-30,26.0,0,1,12,4,2024,132,0,-2.4492935982947064e-16,1.0,-2.4492935982947064e-16,1.0,0.12053668025532305,0.992708874098054,0,0,1,0,0,35.0,26.0,28.0,75.0,47.214285714285715,185.0,36.982142857142854,66.74694571218042,3151.409365410804,47.214285714285715
2024-12-31,17.0,1,1,12,4,2024,133,0,-2.4492935982947064e-16,1.0,-2.4492935982947064e-16,1.0,0.12053668025532305,0.992708874098054,0,1,0,0,0,35.5,79.0,41.0,26.0,45.92857142857143,185.0,36.910714285714285,67.10714602498787,3082.1353495762287,45.92857142857143
2025-01-01,0.0,2,1,1,1,2025,134,0,0.49999999999999994,0.8660254037844387,1.0,6.123233995736766e-17,0.12053668025532305,0.992708874098054,1,0,0,0,0,0.0,20.0,39.0,26.0,43.285714285714285,185.0,36.05357142857143,67.94535619578005,2941.063275331622,43.285714285714285
2025-01-02,96.0,3,1,1,1,2025,135,0,0.49999999999999994,0.8660254037844387,1.0,6.123233995736766e-17,0.12053668025532305,0.992708874098054,0,0,0,1,0,185.0,76.0,38.0,26.0,43.285714285714285,185.0,34.660714285714285,67.94535619578005,2941.063275331622,43.285714285714285
2025-01-03,38.0,4,1,1,1,2025,136,0,0.49999999999999994,0.8660254037844387,1.0,6.123233995736766e-17,0.12053668025532305,0.992708874098054,0,0,0,0,1,75.0,31.0,53.0,96.0,30.571428571428573,96.0,36.732142857142854,39.29315946767805,1201.2480180118719,30.571428571428573
2025-01-04,1.0,5,1,1,1,2025,137,1,0.49999999999999994,0.8660254037844387,1.0,6.123233995736766e-17,0.12053668025532305,0.992708874098054,0,0,0,0,0,0.0,0.0,0.0,96.0,25.285714285714285,96.0,36.19642857142857,34.51914582621396,872.841258748553,0.0
2025-01-05,0.0,6,1,1,1,2025,138,1,0.49999999999999994,0.8660254037844387,1.0,6.123233995736766e-17,0.12053668025532305,0.992708874098054,0,0,0,0,0,0.0,0.0,0.0,96.0,25.428571428571427,96.0,36.232142857142854,34.398920248835,874.7154006132328,0.0
2025-01-06,114.0,0,2,1,1,2025,139,0,0.49999999999999994,0.8660254037844387,1.0,6.123233995736766e-17,0.23931566428755774,0.970941817426052,0,0,0,0,0,26.0,35.0,64.0,38.0,25.428571428571427,96.0,36.232142857142854,34.398920248835,874.7154006132328,25.428571428571427
2025-01-07,98.0,1,2,1,1,2025,140,0,0.49999999999999994,0.8660254037844387,1.0,6.123233995736766e-17,0.23931566428755774,0.970941817426052,0,0,0,0,0,17.0,35.5,140.0,114.0,38.0,114.0,38.017857142857146,48.02429940491928,1824.9233773869328,38.0
2025-01-08,56.0,2,2,1,1,2025,141,0,0.49999999999999994,0.8660254037844387,1.0,6.123233995736766e-17,0.23931566428755774,0.970941817426052,0,0,0,0,0,0.0,0.0,17.0,114.0,49.57142857142857,114.0,36.517857142857146,51.73605172043037,2564.629992427048,49.57142857142857
2025-01-09,66.0,3,2,1,1,2025,142,0,0.49999999999999994,0.8660254037844387,1.0,6.123233995736766e-17,0.23931566428755774,0.970941817426052,0,0,0,0,0,96.0,185.0,36.0,114.0,57.57142857142857,114.0,37.910714285714285,46.89654266879078,2699.9009565032406,57.57142857142857
2025-01-10,34.0,4,2,1,1,2025,143,0,0.49999999999999994,0.8660254037844387,1.0,6.123233995736766e-17,0.23931566428755774,0.970941817426052,0,0,0,0,0,38.0,75.0,17.0,98.0,53.285714285714285,114.0,38.982142857142854,44.085955003509085,2349.1516023298414,53.285714285714285
2025-01-11,0.0,5,2,1,1,2025,144,1,0.49999999999999994,0.8660254037844387,1.0,6.123233995736766e-17,0.23931566428755774,0.970941817426052,0,0,0,0,0,1.0,0.0,0.0,66.0,52.714285714285715,114.0,39.589285714285715,44.342283378713084,2337.4717952493043,0.0
2025-01-12,0.0,6,2,1,1,2025,145,1,0.49999999999999994,0.8660254037844387,1.0,6.123233995736766e-17,0.23931566428755774,0.970941817426052,0,0,1,0,0,0.0,0.0,0.0,66.0,52.57142857142857,114.0,39.589285714285715,44.53783838062919,2341.417789153077,0.0
2025-01-13,36.0,0,3,1,1,2025,146,0,0.49999999999999994,0.8660254037844387,1.0,6.123233995736766e-17,0.3546048870425356,0.9350162426854148,0,1,0,0,0,114.0,26.0,26.0,34.0,52.57142857142857,114.0,39.589285714285715,44.53783838062919,2341.417789153077,52.57142857142857
2025-01-14,57.0,1,3,1,1,2025,147,0,0.49999999999999994,0.8660254037844387,1.0,6.123233995736766e-17,0.3546048870425356,0.9350162426854148,1,0,0,0,0,98.0,17.0,79.0,36.0,41.42857142857143,98.0,39.94642857142857,35.4347152890925,1468.009633405261,41.42857142857143
2025-01-15,64.0,2,3,1,1,2025,148,0,0.49999999999999994,0.8660254037844387,1.0,6.123233995736766e-17,0.3546048870425356,0.9350162426854148,0,0,0,1,0,56.0,0.0,20.0,57.0,35.57142857142857,66.0,39.160714285714285,26.881574500371904,956.2160072275149,35.57142857142857
2025-01-16,68.0,3,3,1,1,2025,149,0,0.49999999999999994,0.8660254037844387,1.0,6.123233995736766e-17,0.3546048870425356,0.9350162426854148,0,0,0,0,1,66.0,96.0,76.0,64.0,36.714285714285715,66.0,40.732142857142854,28.039937504175946,1029.466276939031,36.714285714285715
2025-01-17,34.0,4,3,1,1,2025,150,0,0.49999999999999994,0.8660254037844387,1.0,6.123233995736766e-17,0.3546048870425356,0.9350162426854148,0,0,0,0,0,34.0,38.0,31.0,68.0,37.0,68.0,40.44642857142857,28.39600910926271,1050.6523370427203,37.0
2025-01-18,0.0,5,3,1,1,2025,151,1,0.49999999999999994,0.8660254037844387,1.0,6.123233995736766e-17,0.3546048870425356,0.9350162426854148,0,0,1,0,0,0.0,1.0,0.0,68.0,37.0,68.0,40.55357142857143,28.39600910926271,1050.6523370427203,0.0
2025-01-19,0.0,6,3,1,1,2025,152,1,0.49999999999999994,0.8660254037844387,1.0,6.123233995736766e-17,0.3546048870425356,0.9350162426854148,0,1,0,0,0,0.0,0.0,0.0,68.0,37.0,68.0,40.55357142857143,28.39600910926271,1050.6523370427203,0.0
2025-01-20,64.0,0,4,1,1,2025,153,0,0.49999999999999994,0.8660254037844387,1.0,6.123233995736766e-17,0.4647231720437685,0.8854560256532099,1,0,0,0,0,36.0,114.0,35.0,34.0,37.0,68.0,40.55357142857143,28.39600910926271,1050.6523370427203,37.0
2025-01-21,96.0,1,4,1,1,2025,154,0,0.49999999999999994,0.8660254037844387,1.0,6.123233995736766e-17,0.4647231720437685,0.8854560256532099,0,0,0,1,0,57.0,98.0,35.5,64.0,41.0,68.0,41.589285714285715,30.149626863362634,1236.134701397868,41.0
2025-01-22,78.0,2,4,1,1,2025,155,0,0.49999999999999994,0.8660254037844387,1.0,6.123233995736766e-17,0.4647231720437685,0.8854560256532099,0,0,0,0,1,64.0,56.0,0.0,96.0,46.57142857142857,96.0,43.75,36.52787585236394,1701.1553611243778,46.57142857142857
2025-01-23,58.0,3,4,1,1,2025,156,0,0.49999999999999994,0.8660254037844387,1.0,6.123233995736766e-17,0.4647231720437685,0.8854560256532099,0,0,0,0,0,68.0,66.0,185.0,96.0,48.57142857142857,96.0,46.535714285714285,37.99498713802976,1845.4708038471595,48.57142857142857
2025-01-24,37.0,4,4,1,1,2025,157,0,0.49999999999999994,0.8660254037844387,1.0,6.123233995736766e-17,0.4647231720437685,0.8854560256532099,0,0,1,0,0,34.0,34.0,75.0,96.0,47.142857142857146,96.0,42.0,37.324828963343634,1759.5990797004856,47.142857142857146
2025-01-25,0.0,5,4,1,1,2025,158,1,0.49999999999999994,0.8660254037844387,1.0,6.123233995736766e-17,0.4647231720437685,0.8854560256532099,0,1,0,0,0,0.0,0.0,0.0,78.0,47.57142857142857,96.0,40.642857142857146,37.16565234575754,1768.0231758767516,0.0
2025-01-26,0.0,6,4,1,1,2025,159,1,0.49999999999999994,0.8660254037844387,1.0,6.123233995736766e-17,0.4647231720437685,0.8854560256532099,1,0,0,0,0,0.0,0.0,0.0,58.0,47.57142857142857,96.0,40.642857142857146,37.16565234575754,1768.0231758767516,0.0
2025-01-27,167.0,0,5,1,1,2025,160,0,0.49999999999999994,0.8660254037844387,1.0,6.123233995736766e-17,0.5680647467311558,0.8229838658936564,0,0,0,1,0,64.0,36.0,26.0,37.0,47.57142857142857,96.0,40.642857142857146,37.16565234575754,1768.0231758767516,47.57142857142857
2025-01-28,92.0,1,5,1,1,2025,161,0,0.49999999999999994,0.8660254037844387,1.0,6.123233995736766e-17,0.5680647467311558,0.8229838658936564,0,0,0,0,1,96.0,57.0,17.0,167.0,62.285714285714285,167.0,45.67857142857143,58.82945488362749,3664.234618465941,62.285714285714285
2025-01-29,64.0,2,5,1,1,2025,162,0,0.49999999999999994,0.8660254037844387,1.0,6.123233995736766e-17,0.5680647467311558,0.8229838658936564,0,0,0,0,0,78.0,64.0,0.0,167.0,61.714285714285715,167.0,48.357142857142854,58.465700160334144,3608.1689241806216,61.714285714285715
2025-01-30,22.0,3,5,1,1,2025,163,0,0.49999999999999994,0.8660254037844387,1.0,6.123233995736766e-17,0.5680647467311558,0.8229838658936564,0,0,0,0,0,58.0,68.0,96.0,167.0,59.714285714285715,167.0,50.642857142857146,58.053751775730184,3466.638320322174,59.714285714285715
2025-01-31,15.0,4,5,1,1,2025,164,0,0.49999999999999994,0.8660254037844387,1.0,6.123233995736766e-17,0.5680647467311558,0.8229838658936564,0,0,0,0,0,37.0,34.0,38.0,92.0,54.57142857142857,167.0,48.0,59.799267394779854,3263.331449257986,54.57142857142857
2025-02-01,0.0,5,5,2,1,2025,165,1,0.8660254037844386,0.5000000000000001,1.0,6.123233995736766e-17,0.5680647467311558,0.8229838658936564,0,0,0,0,0,0.0,0.0,1.0,64.0,51.42857142857143,167.0,47.17857142857143,61.432502642757285,3159.385850198946,0.0
2025-02-02,0.0,6,5,2,1,2025,166,1,0.8660254037844386,0.5000000000000001,1.0,6.123233995736766e-17,0.5680647467311558,0.8229838658936564,0,0,0,0,0,0.0,0.0,0.0,22.0,51.42857142857143,167.0,47.142857142857146,61.432502642757285,3159.385850198946,0.0
2025-02-03,17.0,0,6,2,1,2025,167,0,0.8660254037844386,0.5000000000000001,1.0,6.123233995736766e-17,0.6631226582407952,0.7485107481711011,0,0,0,0,0,167.0,64.0,114.0,15.0,51.42857142857143,167.0,47.142857142857146,61.432502642757285,3159.385850198946,51.42857142857143
2025-02-04,38.0,1,6,2,1,2025,168,0,0.8660254037844386,0.5000000000000001,1.0,6.123233995736766e-17,0.6631226582407952,0.7485107481711011,0,0,0,0,0,92.0,96.0,98.0,17.0,30.0,92.0,43.67857142857143,34.78026260203716,1043.4078780611148,30.0
2025-02-05,7.0,2,6,2,1,2025,169,0,0.8660254037844386,0.5000000000000001,1.0,6.123233995736766e-17,0.6631226582407952,0.7485107481711011,0,0,0,0,0,64.0,78.0,56.0,38.0,22.285714285714285,64.0,41.535714285714285,22.588450483335343,503.3997536286162,22.285714285714285
2025-02-06,83.0,3,6,2,1,2025,170,0,0.8660254037844386,0.5000000000000001,1.0,6.123233995736766e-17,0.6631226582407952,0.7485107481711011,0,0,0,0,0,22.0,58.0,66.0,38.0,14.142857142857142,38.0,39.785714285714285,13.48367619788908,190.69770622728842,14.142857142857142
2025-02-07,70.0,4,6,2,1,2025,171,0,0.8660254037844386,0.5000000000000001,1.0,6.123233995736766e-17,0.6631226582407952,0.7485107481711011,0,0,0,0,0,15.0,37.0,34.0,83.0,22.857142857142858,83.0,40.392857142857146,29.548990797366578,675.4055039398075,22.857142857142858
2025-02-08,0.0,5,6,2,1,2025,172,1,0.8660254037844386,0.5000000000000001,1.0,6.123233995736766e-17,0.6631226582407952,0.7485107481711011,0,0,0,0,0,0.0,0.0,0.0,83.0,30.714285714285715,83.0,41.67857142857143,34.07694374849502,1046.6489865609185,0.0
2025-02-09,0.0,6,6,2,1,2025,173,1,0.8660254037844386,0.5000000000000001,1.0,6.123233995736766e-17,0.6631226582407952,0.7485107481711011,0,0,0,0,0,0.0,0.0,0.0,83.0,30.714285714285715,83.0,41.67857142857143,34.07694374849502,1046.6489865609185,0.0
2025-02-10,19.0,0,7,2,1,2025,174,0,0.8660254037844386,0.5000000000000001,1.0,6.123233995736766e-17,0.7485107481711011,0.6631226582407953,0,0,0,0,0,17.0,167.0,36.0,70.0,30.714285714285715,83.0,41.67857142857143,34.07694374849502,1046.6489865609185,30.714285714285715
2025-02-11,55.0,1,7,2,1,2025,175,0,0.8660254037844386,0.5000000000000001,1.0,6.123233995736766e-17,0.7485107481711011,0.6631226582407953,0,0,0,0,0,38.0,92.0,57.0,19.0,31.0,83.0,41.07142857142857,33.95094500402993,1052.4792951249278,31.0
2025-02-12,28.0,2,7,2,1,2025,176,0,0.8660254037844386,0.5000000000000001,1.0,6.123233995736766e-17,0.7485107481711011,0.6631226582407953,0,0,0,0,0,7.0,64.0,64.0,55.0,33.42857142857143,83.0,41.0,35.1229134272635,1174.1088202828084,33.42857142857143
2025-02-13,12.0,3,7,2,1,2025,177,0,0.8660254037844386,0.5000000000000001,1.0,6.123233995736766e-17,0.7485107481711011,0.6631226582407953,0,0,0,0,0,83.0,22.0,68.0,55.0,36.42857142857143,83.0,39.714285714285715,33.34095151040304,1214.5632335932535,36.42857142857143
2025-02-14,50.0,4,7,2,1,2025,178,0,0.8660254037844386,0.5000000000000001,1.0,6.123233995736766e-17,0.7485107481711011,0.6631226582407953,0,0,0,0,0,70.0,15.0,34.0,55.0,26.285714285714285,70.0,37.714285714285715,27.010579937710087,709.9923869340937,26.285714285714285
2025-02-15,0.0,5,7,2,1,2025,179,1,0.8660254037844386,0.5000000000000001,1.0,6.123233995736766e-17,0.7485107481711011,0.6631226582407953,0,0,1,0,0,0.0,0.0,0.0,50.0,23.428571428571427,55.0,38.285714285714285,22.255015486081152,521.4032199596155,0.0
2025-02-16,0.0,6,7,2,1,2025,180,1,0.8660254037844386,0.5000000000000001,1.0,6.123233995736766e-17,0.7485107481711011,0.6631226582407953,0,1,0,0,0,0.0,0.0,0.0,50.0,23.428571428571427,55.0,38.285714285714285,22.255015486081152,521.4032199596155,0.0
2025-02-17,38.0,0,8,2,1,2025,181,0,0.8660254037844386,0.5000000000000001,1.0,6.123233995736766e-17,0.8229838658936564,0.5680647467311559,1,0,0,0,0,19.0,17.0,64.0,50.0,23.428571428571427,55.0,38.285714285714285,22.255015486081152,521.4032199596155,23.428571428571427
2025-02-18,102.0,1,8,2,1,2025,182,0,0.8660254037844386,0.5000000000000001,1.0,6.123233995736766e-17,0.8229838658936564,0.5680647467311559,0,0,0,1,0,55.0,38.0,96.0,38.0,26.142857142857142,55.0,37.357142857142854,22.77739062775896,595.4660692685557,26.142857142857142
2025-02-19,45.0,2,8,2,1,2025,183,0,0.8660254037844386,0.5000000000000001,1.0,6.123233995736766e-17,0.8229838658936564,0.5680647467311559,0,0,0,0,1,28.0,7.0,78.0,102.0,32.857142857142854,102.0,37.57142857142857,35.86748096083957,1178.5029458561573,32.857142857142854
2025-02-20,43.0,3,8,2,1,2025,184,0,0.8660254037844386,0.5000000000000001,1.0,6.123233995736766e-17,0.8229838658936564,0.5680647467311559,0,0,0,0,0,12.0,83.0,58.0,102.0,35.285714285714285,102.0,36.392857142857146,36.058814390355295,1272.3610220596797,35.285714285714285
2025-02-21,25.0,4,8,2,1,2025,185,0,0.8660254037844386,0.5000000000000001,1.0,6.123233995736766e-17,0.8229838658936564,0.5680647467311559,0,0,0,0,0,50.0,70.0,37.0,102.0,39.714285714285715,102.0,35.857142857142854,34.59631139160303,1373.9677952665204,39.714285714285715
2025-02-22,0.0,5,8,2,1,2025,186,1,0.8660254037844386,0.5000000000000001,1.0,6.123233995736766e-17,0.8229838658936564,0.5680647467311559,0,0,0,0,0,0.0,0.0,0.0,45.0,36.142857142857146,102.0,35.42857142857143,34.64788868713633,1252.2736911207846,0.0
2025-02-23,0.0,6,8,2,1,2025,187,1,0.8660254037844386,0.5000000000000001,1.0,6.123233995736766e-17,0.8229838658936564,0.5680647467311559,0,0,0,0,0,0.0,0.0,0.0,43.0,36.142857142857146,102.0,35.42857142857143,34.64788868713633,1252.2736911207846,0.0
2025-02-24,45.0,0,9,2,1,2025,188,0,0.8660254037844386,0.5000000000000001,1.0,6.123233995736766e-17,0.8854560256532099,0.4647231720437686,0,0,0,0,0,38.0,19.0,167.0,25.0,36.142857142857146,102.0,35.42857142857143,34.64788868713633,1252.2736911207846,36.142857142857146
2025-02-25,21.0,1,9,2,1,2025,189,0,0.8660254037844386,0.5000000000000001,1.0,6.123233995736766e-17,0.8854560256532099,0.4647231720437686,0,0,0,0,0,102.0,55.0,92.0,45.0,37.142857142857146,102.0,31.071428571428573,34.81105462075981,1292.9820287710788,37.142857142857146
2025-02-26,48.0,2,9,2,1,2025,190,0,0.8660254037844386,0.5000000000000001,1.0,6.123233995736766e-17,0.8854560256532099,0.4647231720437686,0,0,0,0,0,45.0,28.0,64.0,45.0,25.571428571428573,45.0,28.535714285714285,19.94874384397121,510.1178782958353,25.571428571428573
2025-02-27,68.0,3,9,2,1,2025,191,0,0.8660254037844386,0.5000000000000001,1.0,6.123233995736766e-17,0.8854560256532099,0.4647231720437686,0,0,0,0,0,43.0,12.0,22.0,48.0,26.0,48.0,27.964285714285715,20.461345670963702,531.9949874450563,26.0
2025-02-28,24.0,4,9,2,1,2025,192,0,0.8660254037844386,0.5000000000000001,1.0,6.123233995736766e-17,0.8854560256532099,0.4647231720437686,0,0,0,0,0,25.0,50.0,15.0,68.0,29.571428571428573,68.0,29.607142857142858,25.487625382115265,753.7054934425514,29.571428571428573
2025-03-01,23.0,5,9,3,1,2025,193,1,1.0,6.123233995736766e-17,1.0,6.123233995736766e-17,0.8854560256532099,0.4647231720437686,0,0,0,0,0,0.0,0.0,0.0,68.0,29.428571428571427,68.0,29.928571428571427,25.52030004301895,751.0259726945576,0.0
2025-03-02,3.0,6,9,3,1,2025,194,1,1.0,6.123233995736766e-17,1.0,6.123233995736766e-17,0.8854560256532099,0.4647231720437686,0,0,0,0,0,0.0,0.0,0.0,68.0,32.714285714285715,68.0,30.75,22.388347309216332,732.4187905443629,0.0
2025-03-03,39.0,0,10,3,1,2025,195,0,1.0,6.123233995736766e-17,1.0,6.123233995736766e-17,0.9350162426854148,0.35460488704253557,0,0,0,0,0,45.0,38.0,17.0,24.0,33.142857142857146,68.0,30.857142857142858,21.67508993774934,718.3744093654068,33.142857142857146
2025-03-04,52.0,1,10,3,1,2025,196,0,1.0,6.123233995736766e-17,1.0,6.123233995736766e-17,0.9350162426854148,0.35460488704253557,0,0,0,0,0,21.0,102.0,38.0,39.0,32.285714285714285,68.0,31.642857142857142,21.242365575380113,685.824945719415,32.285714285714285
2025-03-05,103.0,2,10,3,1,2025,197,0,1.0,6.123233995736766e-17,1.0,6.123233995736766e-17,0.9350162426854148,0.35460488704253557,0,0,0,0,0,48.0,45.0,7.0,52.0,36.714285714285715,68.0,32.142857142857146,21.72336902749574,797.5579771523436,36.714285714285715
2025-03-06,41.0,3,10,3,1,2025,198,0,1.0,6.123233995736766e-17,1.0,6.123233995736766e-17,0.9350162426854148,0.35460488704253557,0,0,0,0,0,68.0,43.0,83.0,103.0,44.57142857142857,103.0,35.57142857142857,33.33095229591229,1485.6081594749478,44.57142857142857
2025-03-07,40.0,4,10,3,1,2025,199,0,1.0,6.123233995736766e-17,1.0,6.123233995736766e-17,0.9350162426854148,0.35460488704253557,0,0,0,0,0,24.0,25.0,70.0,103.0,40.714285714285715,103.0,34.07142857142857,31.689715922331885,1290.2241482663696,40.714285714285715
2025-03-08,4.0,5,10,3,1,2025,200,1,1.0,6.123233995736766e-17,1.0,6.123233995736766e-17,0.9350162426854148,0.35460488704253557,0,0,0,0,0,23.0,0.0,0.0,103.0,43.0,103.0,33.0,30.849095070466277,1326.51108803005,0.0
2025-03-09,0.0,6,10,3,1,2025,201,1,1.0,6.123233995736766e-17,1.0,6.123233995736766e-17,0.9350162426854148,0.35460488704253557,0,0,0,0,0,3.0,0.0,0.0,41.0,40.285714285714285,103.0,33.142857142857146,33.61405601686238,1354.166256679313,0.0
2025-03-10,31.0,0,11,3,1,2025,202,0,1.0,6.123233995736766e-17,1.0,6.123233995736766e-17,0.970941817426052,0.23931566428755804,0,0,0,0,0,39.0,45.0,19.0,40.0,39.857142857142854,103.0,33.142857142857146,34.18298100628718,1362.435957250589,39.857142857142854
2025-03-11,35.0,1,11,3,1,2025,203,0,1.0,6.123233995736766e-17,1.0,6.123233995736766e-17,0.970941817426052,0.23931566428755804,0,0,0,0,0,52.0,21.0,55.0,31.0,38.714285714285715,103.0,33.57142857142857,34.34974180259237,1329.8257183575047,38.714285714285715
2025-03-12,39.0,2,11,3,1,2025,204,0,1.0,6.123233995736766e-17,1.0,6.123233995736766e-17,0.970941817426052,0.23931566428755804,0,0,1,0,0,103.0,48.0,28.0,35.0,36.285714285714285,103.0,32.857142857142854,33.85121507279704,1228.3155183557783,36.285714285714285
2025-03-13,31.0,3,11,3,1,2025,205,0,1.0,6.123233995736766e-17,1.0,6.123233995736766e-17,0.970941817426052,0.23931566428755804,0,1,0,0,0,41.0,68.0,12.0,39.0,27.142857142857142,41.0,33.25,17.544501241401036,476.2078908380281,27.142857142857142
2025-03-14,48.0,4,11,3,1,2025,206,0,1.0,6.123233995736766e-17,1.0,6.123233995736766e-17,0.970941817426052,0.23931566428755804,1,0,0,0,0,40.0,24.0,50.0,39.0,25.714285714285715,40.0,33.92857142857143,16.61038114869013,427.1240866806034,25.714285714285715
2025-03-15,1.0,5,11,3,1,2025,207,1,1.0,6.123233995736766e-17,1.0,6.123233995736766e-17,0.970941817426052,0.23931566428755804,0,0,0,1,0,4.0,23.0,0.0,48.0,26.857142857142858,48.0,33.857142857142854,17.976174708286965,482.78869216542137,0.0
2025-03-16,2.0,6,11,3,1,2025,208,1,1.0,6.123233995736766e-17,1.0,6.123233995736766e-17,0.970941817426052,0.23931566428755804,0,0,0,0,1,0.0,3.0,0.0,48.0,26.428571428571427,48.0,33.892857142857146,18.63560340546324,492.5123757158142,0.0
2025-03-17,28.0,0,12,3,1,2025,209,0,1.0,6.123233995736766e-17,1.0,6.123233995736766e-17,0.992708874098054,0.120536680255323,0,0,0,0,0,31.0,39.0,38.0,48.0,26.714285714285715,48.0,33.964285714285715,18.17245429869323,485.46413626509053,26.714285714285715
2025-03-18,160.0,1,12,3,1,2025,210,0,1.0,6.123233995736766e-17,1.0,6.123233995736766e-17,0.992708874098054,0.120536680255323,0,0,0,0,0,35.0,52.0,102.0,28.0,26.285714285714285,48.0,33.607142857142854,18.089723470470574,475.50130265236936,26.285714285714285
2025-03-19,135.0,2,12,3,1,2025,211,0,1.0,6.123233995736766e-17,1.0,6.123233995736766e-17,0.992708874098054,0.120536680255323,0,0,0,0,0,39.0,103.0,45.0,160.0,44.142857142857146,160.0,35.67857142857143,54.059931469399686,2386.359832006358,44.142857142857146
2025-03-20,255.0,3,12,3,1,2025,212,0,1.0,6.123233995736766e-17,1.0,6.123233995736766e-17,0.992708874098054,0.120536680255323,0,0,0,0,0,31.0,41.0,43.0,160.0,57.857142857142854,160.0,38.892857142857146,63.83162374933128,3693.115374068452,57.857142857142854
2025-03-21,255.0,4,12,3,1,2025,213,0,1.0,6.123233995736766e-17,1.0,6.123233995736766e-17,0.992708874098054,0.120536680255323,0,0,0,0,0,48.0,40.0,25.0,255.0,89.85714285714286,255.0,46.464285714285715,96.11005596264557,8636.175028643438,89.85714285714286
2025-03-22,1.0,5,12,3,1,2025,214,1,1.0,6.123233995736766e-17,1.0,6.123233995736766e-17,0.992708874098054,0.120536680255323,0,0,0,0,0,1.0,4.0,0.0,255.0,119.42857142857143,255.0,54.67857142857143,111.67043348302059,13336.64034168646,0.0
2025-03-23,2.0,6,12,3,1,2025,215,1,1.0,6.123233995736766e-17,1.0,6.123233995736766e-17,0.992708874098054,0.120536680255323,0,0,0,0,0,2.0,0.0,0.0,255.0,119.42857142857143,255.0,54.714285714285715,111.67043348302059,13336.64034168646,0.0
2025-03-24,87.0,0,13,3,1,2025,216,0,1.0,6.123233995736766e-17,1.0,6.123233995736766e-17,1.0,-1.6081226496766364e-16,0,0,0,0,0,28.0,31.0,45.0,255.0,119.42857142857143,255.0,54.785714285714285,111.67043348302059,13336.64034168646,119.42857142857143
2025-03-25,155.0,1,13,3,1,2025,217,0,1.0,6.123233995736766e-17,1.0,6.123233995736766e-17,1.0,-1.6081226496766364e-16,0,0,0,0,0,160.0,35.0,21.0,87.0,127.85714285714286,255.0,56.285714285714285,105.68574260739337,13512.677090516723,127.85714285714286
2025-03-26,30.0,2,13,3,1,2025,218,0,1.0,6.123233995736766e-17,1.0,6.123233995736766e-17,1.0,-1.6081226496766364e-16,0,0,0,0,0,135.0,39.0,48.0,155.0,127.14285714285714,255.0,61.07142857142857,105.44892692899344,13407.077852400595,127.14285714285714
2025-03-27,87.0,3,13,3,1,2025,219,0,1.0,6.123233995736766e-17,1.0,6.123233995736766e-17,1.0,-1.6081226496766364e-16,0,0,0,0,0,255.0,31.0,68.0,155.0,112.14285714285714,255.0,60.42857142857143,111.4427036215301,12497.503191843018,112.14285714285714
2025-03-28,88.0,4,13,3,1,2025,220,0,1.0,6.123233995736766e-17,1.0,6.123233995736766e-17,1.0,-1.6081226496766364e-16,0,0,1,0,0,255.0,48.0,24.0,155.0,88.14285714285714,255.0,61.107142857142854,91.93191062126468,8103.141264760044,88.14285714285714
2025-03-29,1.0,5,13,3,1,2025,221,1,1.0,6.123233995736766e-17,1.0,6.123233995736766e-17,1.0,-1.6081226496766364e-16,0,1,1,0,0,1.0,1.0,23.0,88.0,64.28571428571429,155.0,63.392857142857146,56.10025040263279,3606.4446687406794,0.0
2025-03-30,0.0,6,13,3,1,2025,222,1,1.0,6.123233995736766e-17,1.0,6.123233995736766e-17,1.0,-1.6081226496766364e-16,1,1,0,0,0,2.0,2.0,3.0,88.0,64.28571428571429,155.0,62.607142857142854,56.10025040263279,3606.4446687406794,0.0
2025-03-31,43.0,0,14,3,1,2025,223,0,1.0,6.123233995736766e-17,1.0,6.123233995736766e-17,0.992708874098054,-0.12053668025532288,1,0,0,1,0,87.0,28.0,39.0,88.0,64.0,155.0,62.5,56.474182892126365,3614.3477050960873,64.0
2025-04-01,242.0,1,14,4,2,2025,224,0,0.8660254037844387,-0.4999999999999998,1.2246467991473532e-16,-1.0,0.992708874098054,-0.12053668025532288,0,0,0,1,1,155.0,160.0,52.0,43.0,57.714285714285715,155.0,62.642857142857146,55.93363414414831,3228.1697420337023,57.714285714285715
2025-04-02,24.0,2,14,4,2,2025,225,0,0.8660254037844387,-0.4999999999999998,1.2246467991473532e-16,-1.0,0.992708874098054,-0.12053668025532288,0,0,0,0,1,30.0,135.0,103.0,242.0,70.14285714285714,242.0,69.42857142857143,83.8519102772433,5881.612563732351,70.14285714285714
2025-04-03,51.0,3,14,4,2,2025,226,0,0.8660254037844387,-0.4999999999999998,1.2246467991473532e-16,-1.0,0.992708874098054,-0.12053668025532288,0,0,0,0,0,87.0,255.0,41.0,242.0,69.28571428571429,242.0,66.60714285714286,84.35977375841779,5844.927181833233,69.28571428571429
2025-04-04,23.0,4,14,4,2,2025,227,0,0.8660254037844387,-0.4999999999999998,1.2246467991473532e-16,-1.0,0.992708874098054,-0.12053668025532288,0,0,0,0,0,88.0,255.0,40.0,242.0,64.14285714285714,242.0,66.96428571428571,84.19704779351152,5400.639208469524,64.14285714285714
2025-04-05,1.0,5,14,4,2,2025,228,1,0.8660254037844387,-0.4999999999999998,1.2246467991473532e-16,-1.0,0.992708874098054,-0.12053668025532288,0,0,0,0,0,1.0,1.0,4.0,51.0,54.857142857142854,242.0,66.35714285714286,84.71015006367023,4646.956803492766,0.0
2025-04-06,0.0,6,14,4,2,2025,229,1,0.8660254037844387,-0.4999999999999998,1.2246467991473532e-16,-1.0,0.992708874098054,-0.12053668025532288,0,0,0,0,0,0.0,2.0,0.0,51.0,54.857142857142854,242.0,66.25,84.71015006367023,4646.956803492766,0.0
2025-04-07,221.0,0,15,4,2,2025,230,0,0.8660254037844387,-0.4999999999999998,1.2246467991473532e-16,-1.0,0.9709418174260521,-0.2393156642875575,0,0,0,0,0,43.0,87.0,31.0,23.0,54.857142857142854,242.0,66.25,84.71015006367023,4646.956803492766,54.857142857142854
2025-04-08,35.0,1,15,4,2,2025,231,0,0.8660254037844387,-0.4999999999999998,1.2246467991473532e-16,-1.0,0.9709418174260521,-0.2393156642875575,0,0,0,0,0,242.0,155.0,35.0,221.0,80.28571428571429,242.0,73.03571428571429,104.87407414881638,8419.889953090687,80.28571428571429
2025-04-09,14.0,2,15,4,2,2025,232,0,0.8660254037844387,-0.4999999999999998,1.2246467991473532e-16,-1.0,0.9709418174260521,-0.2393156642875575,0,0,0,0,0,24.0,30.0,39.0,221.0,50.714285714285715,221.0,73.03571428571429,77.21121310128105,3915.7115215649674,50.714285714285715
2025-04-10,30.0,3,15,4,2,2025,233,0,0.8660254037844387,-0.4999999999999998,1.2246467991473532e-16,-1.0,0.9709418174260521,-0.2393156642875575,0,0,0,0,0,51.0,87.0,31.0,221.0,49.285714285714285,221.0,72.14285714285714,77.8774984312206,3838.248136967301,49.285714285714285
2025-04-11,18.0,4,15,4,2,2025,234,0,0.8660254037844387,-0.4999999999999998,1.2246467991473532e-16,-1.0,0.9709418174260521,-0.2393156642875575,0,0,1,0,0,23.0,88.0,48.0,35.0,46.285714285714285,221.0,72.10714285714286,78.20425028030617,3619.739584402743,46.285714285714285
2025-04-12,0.0,5,15,4,2,2025,235,1,0.8660254037844387,-0.4999999999999998,1.2246467991473532e-16,-1.0,0.9709418174260521,-0.2393156642875575,0,1,0,0,0,1.0,1.0,1.0,30.0,45.57142857142857,221.0,71.03571428571429,78.47474571023292,3576.2062687949,0.0
2025-04-13,0.0,6,15,4,2,2025,236,1,0.8660254037844387,-0.4999999999999998,1.2246467991473532e-16,-1.0,0.9709418174260521,-0.2393156642875575,1,0,0,0,0,0.0,0.0,2.0,30.0,45.42857142857143,221.0,71.0,78.57025973156587,3569.3346563768496,0.0
2025-04-14,29.0,0,16,4,2,2025,237,0,0.8660254037844387,-0.4999999999999998,1.2246467991473532e-16,-1.0,0.9350162426854148,-0.35460488704253545,0,0,0,1,0,221.0,43.0,28.0,18.0,45.42857142857143,221.0,70.92857142857143,78.57025973156587,3569.3346563768496,45.42857142857143
2025-04-15,45.0,1,16,4,2,2025,238,0,0.8660254037844387,-0.4999999999999998,1.2246467991473532e-16,-1.0,0.9350162426854148,-0.35460488704253545,0,0,0,0,1,35.0,242.0,160.0,29.0,18.0,35.0,70.96428571428571,14.247806848775193,256.4605232779535,18.0
2025-04-16,14.0,2,16,4,2,2025,239,0,0.8660254037844387,-0.4999999999999998,1.2246467991473532e-16,-1.0,0.9350162426854148,-0.35460488704253545,0,0,1,0,0,14.0,24.0,135.0,45.0,19.428571428571427,45.0,66.85714285714286,16.551506908810033,321.5721342283092,19.428571428571427
2025-04-17,102.0,3,16,4,2,2025,240,0,0.8660254037844387,-0.4999999999999998,1.2246467991473532e-16,-1.0,0.9350162426854148,-0.35460488704253545,0,1,0,0,0,30.0,51.0,255.0,45.0,19.428571428571427,45.0,62.535714285714285,16.551506908810033,321.5721342283092,19.428571428571427
2025-04-18,11.0,4,16,4,2,2025,241,0,0.8660254037844387,-0.4999999999999998,1.2246467991473532e-16,-1.0,0.9350162426854148,-0.35460488704253545,1,0,1,0,0,18.0,23.0,255.0,102.0,29.714285714285715,102.0,57.07142857142857,35.612330662821,1058.1949682666811,29.714285714285715
2025-04-19,0.0,5,16,4,2,2025,242,1,0.8660254037844387,-0.4999999999999998,1.2246467991473532e-16,-1.0,0.9350162426854148,-0.35460488704253545,0,1,0,1,0,0.0,1.0,1.0,102.0,28.714285714285715,102.0,48.357142857142854,36.09115443666819,1036.331720252901,0.0
2025-04-20,1.0,6,16,4,2,2025,243,1,0.8660254037844387,-0.4999999999999998,1.2246467991473532e-16,-1.0,0.9350162426854148,-0.35460488704253545,1,0,0,0,1,0.0,0.0,2.0,102.0,28.714285714285715,102.0,48.32142857142857,36.09115443666819,1036.331720252901,0.0
2025-04-21,39.0,0,17,4,2,2025,244,0,0.8660254037844387,-0.4999999999999998,1.2246467991473532e-16,-1.0,0.8854560256532099,-0.4647231720437685,0,0,0,1,0,29.0,221.0,87.0,11.0,28.857142857142858,102.0,48.285714285714285,35.96029556528787,1037.7113863125928,28.857142857142858
2025-04-22,45.0,1,17,4,2,2025,245,0,0.8660254037844387,-0.4999999999999998,1.2246467991473532e-16,-1.0,0.8854560256532099,-0.4647231720437685,0,0,0,0,1,45.0,35.0,155.0,39.0,30.285714285714285,102.0,46.57142857142857,36.16496594640686,1095.281825805465,30.285714285714285
2025-04-23,37.0,2,17,4,2,2025,246,0,0.8660254037844387,-0.4999999999999998,1.2246467991473532e-16,-1.0,0.8854560256532099,-0.4647231720437685,0,0,0,0,0,14.0,14.0,30.0,45.0,30.285714285714285,102.0,42.642857142857146,36.16496594640686,1095.281825805465,30.285714285714285
2025-04-24,37.0,3,17,4,2,2025,247,0,0.8660254037844387,-0.4999999999999998,1.2246467991473532e-16,-1.0,0.8854560256532099,-0.4647231720437685,0,0,0,0,0,102.0,30.0,87.0,45.0,33.57142857142857,102.0,42.892857142857146,35.47702140286095,1191.0142899531888,33.57142857142857
2025-04-25,36.0,4,17,4,2,2025,248,0,0.8660254037844387,-0.4999999999999998,1.2246467991473532e-16,-1.0,0.8854560256532099,-0.4647231720437685,0,0,0,0,0,11.0,18.0,88.0,45.0,24.285714285714285,45.0,41.107142857142854,19.482592963243736,473.148686250205,24.285714285714285
2025-04-26,1.0,5,17,4,2,2025,249,1,0.8660254037844387,-0.4999999999999998,1.2246467991473532e-16,-1.0,0.8854560256532099,-0.4647231720437685,0,0,0,0,0,0.0,0.0,1.0,37.0,27.857142857142858,45.0,39.25,18.924662669196064,527.1870314990332,0.0
2025-04-27,0.0,6,17,4,2,2025,250,1,0.8660254037844387,-0.4999999999999998,1.2246467991473532e-16,-1.0,0.8854560256532099,-0.4647231720437685,0,0,0,0,0,1.0,0.0,0.0,37.0,28.0,45.0,39.25,18.681541692269562,523.0831673835478,0.0
2025-04-28,22.0,0,18,4,2,2025,251,0,0.8660254037844387,-0.4999999999999998,1.2246467991473532e-16,-1.0,0.8229838658936565,-0.5680647467311557,0,0,0,0,0,39.0,29.0,43.0,36.0,27.857142857142858,45.0,39.25,18.924662669196064,527.1870314990332,27.857142857142858
2025-04-29,37.0,1,18,4,2,2025,252,0,0.8660254037844387,-0.4999999999999998,1.2246467991473532e-16,-1.0,0.8229838658936565,-0.5680647467311557,0,0,1,0,0,45.0,45.0,242.0,22.0,25.428571428571427,45.0,38.5,18.338094619826784,466.3115489041667,25.428571428571427
2025-04-30,8.0,2,18,4,2,2025,253,0,0.8660254037844387,-0.4999999999999998,1.2246467991473532e-16,-1.0,0.8229838658936565,-0.5680647467311557,0,1,0,0,0,37.0,14.0,24.0,37.0,24.285714285714285,37.0,31.178571428571427,17.124196192466993,415.8733361027698,24.285714285714285
2025-05-01,194.0,3,18,5,2,2025,254,0,0.49999999999999994,-0.8660254037844387,1.2246467991473532e-16,-1.0,0.8229838658936565,-0.5680647467311557,1,0,0,0,0,37.0,102.0,51.0,37.0,20.142857142857142,37.0,30.607142857142858,17.043362064927102,343.30200730781735,20.142857142857142
2025-05-02,72.0,4,18,5,2,2025,255,0,0.49999999999999994,-0.8660254037844387,1.2246467991473532e-16,-1.0,0.8229838658936565,-0.5680647467311557,0,0,0,1,0,36.0,11.0,23.0,194.0,42.57142857142857,194.0,35.714285714285715,68.51242501147064,2916.6718076311786,42.57142857142857
2025-05-03,0.0,5,18,5,2,2025,256,1,0.49999999999999994,-0.8660254037844387,1.2246467991473532e-16,-1.0,0.8229838658936565,-0.5680647467311557,0,0,0,0,1,1.0,0.0,1.0,194.0,47.714285714285715,194.0,37.464285714285715,69.28375058581992,3305.824670809122,0.0
2025-05-04,0.0,6,18,5,2,2025,257,1,0.49999999999999994,-0.8660254037844387,1.2246467991473532e-16,-1.0,0.8229838658936565,-0.5680647467311557,0,0,0,0,0,0.0,1.0,0.0,194.0,47.57142857142857,194.0,37.42857142857143,69.39706320120749,3301.317435143156,0.0
2025-05-05,15.0,0,19,5,2,2025,258,0,0.49999999999999994,-0.8660254037844387,1.2246467991473532e-16,-1.0,0.7485107481711013,-0.663122658240795,0,0,0,0,0,22.0,39.0,221.0,72.0,47.57142857142857,194.0,37.42857142857143,69.39706320120749,3301.317435143156,47.57142857142857
2025-05-06,27.0,1,19,5,2,2025,259,0,0.49999999999999994,-0.8660254037844387,1.2246467991473532e-16,-1.0,0.7485107481711013,-0.663122658240795,0,0,0,0,0,37.0,45.0,35.0,15.0,46.57142857142857,194.0,30.071428571428573,69.87574005060021,3254.2130366422384,46.57142857142857
2025-05-07,11.0,2,19,5,2,2025,260,0,0.49999999999999994,-0.8660254037844387,1.2246467991473532e-16,-1.0,0.7485107481711013,-0.663122658240795,0,0,0,0,0,8.0,37.0,14.0,27.0,45.142857142857146,194.0,29.785714285714285,70.20548072486598,3169.275987008236,45.142857142857146
2025-05-08,18.0,3,19,5,2,2025,261,0,0.49999999999999994,-0.8660254037844387,1.2246467991473532e-16,-1.0,0.7485107481711013,-0.663122658240795,0,0,0,0,0,194.0,37.0,30.0,27.0,45.57142857142857,194.0,29.678571428571427,69.94964174999316,3187.705102606831,45.57142857142857
2025-05-09,19.0,4,19,5,2,2025,262,0,0.49999999999999994,-0.8660254037844387,1.2246467991473532e-16,-1.0,0.7485107481711013,-0.663122658240795,0,0,0,0,0,72.0,36.0,18.0,27.0,20.428571428571427,72.0,29.25,24.703961509962706,504.6666422749524,20.428571428571427
2025-05-10,0.0,5,19,5,2,2025,263,1,0.49999999999999994,-0.8660254037844387,1.2246467991473532e-16,-1.0,0.7485107481711013,-0.663122658240795,0,0,0,0,0,0.0,1.0,0.0,19.0,12.857142857142858,27.0,29.285714285714285,10.023781246425676,128.87718745404442,0.0
2025-05-11,0.0,6,19,5,2,2025,264,1,0.49999999999999994,-0.8660254037844387,1.2246467991473532e-16,-1.0,0.7485107481711013,-0.663122658240795,0,0,0,0,0,0.0,0.0,0.0,19.0,12.857142857142858,27.0,29.285714285714285,10.023781246425676,128.87718745404442,0.0
2025-05-12,15.0,0,20,5,2,2025,265,0,0.49999999999999994,-0.8660254037844387,1.2246467991473532e-16,-1.0,0.6631226582407952,-0.7485107481711012,0,0,0,0,0,15.0,22.0,29.0,19.0,12.857142857142858,27.0,29.285714285714285,10.023781246425676,128.87718745404442,12.857142857142858
2025-05-13,61.0,1,20,5,2,2025,266,0,0.49999999999999994,-0.8660254037844387,1.2246467991473532e-16,-1.0,0.6631226582407952,-0.7485107481711012,0,0,0,0,0,27.0,37.0,45.0,15.0,12.857142857142858,27.0,28.785714285714285,10.023781246425676,128.87718745404442,12.857142857142858
2025-05-14,30.0,2,20,5,2,2025,267,0,0.49999999999999994,-0.8660254037844387,1.2246467991473532e-16,-1.0,0.6631226582407952,-0.7485107481711012,0,0,0,0,0,11.0,8.0,14.0,61.0,17.714285714285715,61.0,29.357142857142858,20.637460161191505,365.57786571253524,17.714285714285715
2025-05-15,49.0,3,20,5,2,2025,268,0,0.49999999999999994,-0.8660254037844387,1.2246467991473532e-16,-1.0,0.6631226582407952,-0.7485107481711012,0,0,0,0,0,18.0,194.0,102.0,61.0,20.428571428571427,61.0,29.928571428571427,20.855512004081454,426.0483166548068,20.428571428571427
2025-05-16,17.0,4,20,5,2,2025,269,0,0.49999999999999994,-0.8660254037844387,1.2246467991473532e-16,-1.0,0.6631226582407952,-0.7485107481711012,0,0,0,0,0,19.0,72.0,11.0,61.0,24.857142857142858,61.0,28.035714285714285,23.391084992852768,581.4355412509117,24.857142857142858
2025-05-17,0.0,5,20,5,2,2025,270,1,0.49999999999999994,-0.8660254037844387,1.2246467991473532e-16,-1.0,0.6631226582407952,-0.7485107481711012,0,0,0,0,0,0.0,0.0,0.0,49.0,24.571428571428573,61.0,28.25,23.486571644645213,577.0986175541395,0.0
2025-05-18,0.0,6,20,5,2,2025,271,1,0.49999999999999994,-0.8660254037844387,1.2246467991473532e-16,-1.0,0.6631226582407952,-0.7485107481711012,0,0,0,0,0,0.0,0.0,1.0,49.0,24.571428571428573,61.0,28.25,23.486571644645213,577.0986175541395,0.0
2025-05-19,60.0,0,21,5,2,2025,272,0,0.49999999999999994,-0.8660254037844387,1.2246467991473532e-16,-1.0,0.5680647467311558,-0.8229838658936564,0,0,0,0,0,15.0,15.0,39.0,17.0,24.571428571428573,61.0,28.214285714285715,23.486571644645213,577.0986175541395,24.571428571428573
2025-05-20,52.0,1,21,5,2,2025,273,0,0.49999999999999994,-0.8660254037844387,1.2246467991473532e-16,-1.0,0.5680647467311558,-0.8229838658936564,0,0,0,0,0,61.0,27.0,45.0,60.0,31.0,61.0,28.964285714285715,26.40706976045124,818.6191625739884,31.0
2025-05-21,33.0,2,21,5,2,2025,274,0,0.49999999999999994,-0.8660254037844387,1.2246467991473532e-16,-1.0,0.5680647467311558,-0.8229838658936564,0,0,0,0,0,30.0,11.0,37.0,60.0,29.714285714285715,60.0,29.214285714285715,24.87779656450239,739.2259550594996,29.714285714285715
2025-05-22,43.0,3,21,5,2,2025,275,0,0.49999999999999994,-0.8660254037844387,1.2246467991473532e-16,-1.0,0.5680647467311558,-0.8229838658936564,0,0,0,0,0,49.0,18.0,37.0,60.0,30.142857142857142,60.0,29.071428571428573,24.909359495502798,750.839264793013,30.142857142857142
2025-05-23,19.0,4,21,5,2,2025,276,0,0.49999999999999994,-0.8660254037844387,1.2246467991473532e-16,-1.0,0.5680647467311558,-0.8229838658936564,0,0,0,0,0,17.0,19.0,36.0,52.0,29.285714285714285,60.0,29.285714285714285,24.246747450014134,710.0833181789853,29.285714285714285
2025-05-24,0.0,5,21,5,2,2025,277,1,0.49999999999999994,-0.8660254037844387,1.2246467991473532e-16,-1.0,0.5680647467311558,-0.8229838658936564,0,0,1,0,0,0.0,0.0,1.0,43.0,29.571428571428573,60.0,28.678571428571427,24.089120247234423,712.3496987396466,0.0
2025-05-25,0.0,6,21,5,2,2025,278,1,0.49999999999999994,-0.8660254037844387,1.2246467991473532e-16,-1.0,0.5680647467311558,-0.8229838658936564,0,1,0,0,0,0.0,0.0,0.0,43.0,29.571428571428573,60.0,28.642857142857142,24.089120247234423,712.3496987396466,0.0
2025-05-26,0.0,0,22,5,2,2025,279,0,0.49999999999999994,-0.8660254037844387,1.2246467991473532e-16,-1.0,0.46472317204376906,-0.8854560256532096,1,0,0,0,0,60.0,15.0,22.0,19.0,29.571428571428573,60.0,28.642857142857142,24.089120247234423,712.3496987396466,29.571428571428573
2025-05-27,18.0,1,22,5,2,2025,280,0,0.49999999999999994,-0.8660254037844387,1.2246467991473532e-16,-1.0,0.46472317204376906,-0.8854560256532096,0,0,0,1,0,52.0,61.0,37.0,0.0,21.0,52.0,27.857142857142858,22.045407685048712,462.95356138602295,21.0
2025-05-28,51.0,2,22,5,2,2025,281,0,0.49999999999999994,-0.8660254037844387,1.2246467991473532e-16,-1.0,0.46472317204376906,-0.8854560256532096,0,0,0,0,1,33.0,30.0,8.0,18.0,16.142857142857142,43.0,27.178571428571427,17.315008628629922,279.5137107193116,16.142857142857142
2025-05-29,28.0,3,22,5,2,2025,282,0,0.49999999999999994,-0.8660254037844387,1.2246467991473532e-16,-1.0,0.46472317204376906,-0.8854560256532096,0,0,0,0,0,43.0,49.0,194.0,51.0,18.714285714285715,51.0,28.714285714285715,21.14800452142235,395.769798900904,18.714285714285715
2025-05-30,39.0,4,22,5,2,2025,283,0,0.49999999999999994,-0.8660254037844387,1.2246467991473532e-16,-1.0,0.46472317204376906,-0.8854560256532096,0,0,0,0,0,19.0,17.0,72.0,51.0,16.571428571428573,51.0,22.785714285714285,18.919629514141807,313.5252890914928,16.571428571428573
2025-05-31,0.0,5,22,5,2,2025,284,1,0.49999999999999994,-0.8660254037844387,1.2246467991473532e-16,-1.0,0.46472317204376906,-0.8854560256532096,0,0,0,0,0,0.0,0.0,0.0,51.0,19.428571428571427,51.0,21.607142857142858,20.767419538443363,403.4812938897567,0.0
2025-06-01,0.0,6,22,6,2,2025,285,1,1.2246467991473532e-16,-1.0,1.2246467991473532e-16,-1.0,0.46472317204376906,-0.8854560256532096,0,0,0,0,0,0.0,0.0,0.0,39.0,19.428571428571427,51.0,21.607142857142858,20.767419538443363,403.4812938897567,0.0
2025-06-02,28.0,0,23,6,2,2025,286,0,1.2246467991473532e-16,-1.0,1.2246467991473532e-16,-1.0,0.35460488704253584,-0.9350162426854147,0,0,0,0,0,0.0,60.0,15.0,39.0,19.428571428571427,51.0,21.607142857142858,20.767419538443363,403.4812938897567,19.428571428571427
2025-06-03,27.0,1,23,6,2,2025,287,0,1.2246467991473532e-16,-1.0,1.2246467991473532e-16,-1.0,0.35460488704253584,-0.9350162426854147,0,0,0,0,0,18.0,52.0,27.0,28.0,23.428571428571427,51.0,22.071428571428573,19.025046148495562,445.729652621896,23.428571428571427
2025-06-04,71.0,2,23,6,2,2025,288,0,1.2246467991473532e-16,-1.0,1.2246467991473532e-16,-1.0,0.35460488704253584,-0.9350162426854147,0,0,1,0,0,51.0,33.0,11.0,28.0,24.714285714285715,51.0,22.071428571428573,18.900743245653068,467.11836878542584,24.714285714285715
2025-06-05,78.0,3,23,6,2,2025,289,0,1.2246467991473532e-16,-1.0,1.2246467991473532e-16,-1.0,0.35460488704253584,-0.9350162426854147,0,1,1,0,0,28.0,43.0,18.0,71.0,27.571428571428573,71.0,24.214285714285715,24.282072556086572,669.491429046387,27.571428571428573
2025-06-06,18.0,4,23,6,2,2025,290,0,1.2246467991473532e-16,-1.0,1.2246467991473532e-16,-1.0,0.35460488704253584,-0.9350162426854147,1,1,1,0,0,39.0,19.0,19.0,78.0,34.714285714285715,78.0,26.357142857142858,30.88534866089044,1072.1628177994824,34.714285714285715
2025-06-07,0.0,5,23,6,2,2025,291,1,1.2246467991473532e-16,-1.0,1.2246467991473532e-16,-1.0,0.35460488704253584,-0.9350162426854147,1,1,0,1,0,0.0,0.0,0.0,78.0,31.714285714285715,78.0,26.321428571428573,31.41504037725826,996.3055662501906,0.0
2025-06-08,0.0,6,23,6,2,2025,292,1,1.2246467991473532e-16,-1.0,1.2246467991473532e-16,-1.0,0.35460488704253584,-0.9350162426854147,1,0,0,1,1,0.0,0.0,0.0,78.0,31.714285714285715,78.0,26.321428571428573,31.41504037725826,996.3055662501906,0.0
2025-06-09,18.0,0,24,6,2,2025,293,0,1.2246467991473532e-16,-1.0,1.2246467991473532e-16,-1.0,0.23931566428755768,-0.970941817426052,0,0,0,1,1,28.0,0.0,15.0,18.0,31.714285714285715,78.0,26.321428571428573,31.41504037725826,996.3055662501906,31.714285714285715
2025-06-10,19.0,1,24,6,2,2025,294,0,1.2246467991473532e-16,-1.0,1.2246467991473532e-16,-1.0,0.23931566428755768,-0.970941817426052,0,0,0,0,1,27.0,18.0,61.0,18.0,30.285714285714285,78.0,26.428571428571427,31.836636577556895,964.1952792060088,30.285714285714285
2025-06-11,36.0,2,24,6,2,2025,295,0,1.2246467991473532e-16,-1.0,1.2246467991473532e-16,-1.0,0.23931566428755768,-0.970941817426052,0,0,0,0,0,71.0,51.0,30.0,19.0,29.142857142857142,78.0,24.928571428571427,32.11660303450842,935.9695741485311,29.142857142857142
2025-06-12,32.0,3,24,6,2,2025,296,0,1.2246467991473532e-16,-1.0,1.2246467991473532e-16,-1.0,0.23931566428755768,-0.970941817426052,0,0,0,0,0,78.0,28.0,49.0,36.0,24.142857142857142,78.0,25.142857142857142,26.798187571976992,646.9848142377302,24.142857142857142
2025-06-13,41.0,4,24,6,2,2025,297,0,1.2246467991473532e-16,-1.0,1.2246467991473532e-16,-1.0,0.23931566428755768,-0.970941817426052,0,0,0,0,0,18.0,39.0,17.0,36.0,17.571428571428573,36.0,24.535714285714285,13.950593092017723,245.13185004545429,17.571428571428573
2025-06-14,0.0,5,24,6,2,2025,298,1,1.2246467991473532e-16,-1.0,1.2246467991473532e-16,-1.0,0.23931566428755768,-0.970941817426052,0,0,0,0,0,0.0,0.0,0.0,41.0,20.857142857142858,41.0,25.392857142857142,16.537115542808408,344.9169813214325,0.0
2025-06-15,0.0,6,24,6,2,2025,299,1,1.2246467991473532e-16,-1.0,1.2246467991473532e-16,-1.0,0.23931566428755768,-0.970941817426052,0,0,0,0,0,0.0,0.0,0.0,41.0,20.857142857142858,41.0,25.392857142857142,16.537115542808408,344.9169813214325,0.0
2025-06-16,15.0,0,25,6,2,2025,300,0,1.2246467991473532e-16,-1.0,1.2246467991473532e-16,-1.0,0.12053668025532308,-0.992708874098054,0,0,0,0,0,18.0,28.0,60.0,41.0,20.857142857142858,41.0,25.392857142857142,16.537115542808408,344.9169813214325,20.857142857142858
2025-06-17,40.0,1,25,6,2,2025,301,0,1.2246467991473532e-16,-1.0,1.2246467991473532e-16,-1.0,0.12053668025532308,-0.992708874098054,0,0,1,0,0,19.0,27.0,52.0,15.0,20.428571428571427,41.0,23.785714285714285,16.66190408143837,340.37889766366953,20.428571428571427
2025-06-18,23.0,2,25,6,2,2025,302,0,1.2246467991473532e-16,-1.0,1.2246467991473532e-16,-1.0,0.12053668025532308,-0.992708874098054,0,1,0,0,0,36.0,71.0,33.0,40.0,23.428571428571427,41.0,23.357142857142858,18.182932866263698,426.00014143817805,23.428571428571427
2025-06-19,74.0,3,25,6,2,2025,303,0,1.2246467991473532e-16,-1.0,1.2246467991473532e-16,-1.0,0.12053668025532308,-0.992708874098054,1,0,0,0,0,32.0,78.0,43.0,40.0,21.571428571428573,41.0,23.0,17.32875397383549,373.8059785784513,21.571428571428573
2025-06-20,33.0,4,25,6,2,2025,304,0,1.2246467991473532e-16,-1.0,1.2246467991473532e-16,-1.0,0.12053668025532308,-0.992708874098054,0,0,0,1,0,41.0,18.0,19.0,74.0,27.571428571428573,74.0,24.107142857142858,26.425096296621497,728.5776550354213,27.571428571428573
2025-06-21,0.0,5,25,6,2,2025,305,1,1.2246467991473532e-16,-1.0,1.2246467991473532e-16,-1.0,0.12053668025532308,-0.992708874098054,0,0,0,0,1,0.0,0.0,0.0,74.0,26.428571428571427,74.0,24.607142857142858,25.915613973414803,684.9126550116769,0.0
2025-06-22,0.0,6,25,6,2,2025,306,1,1.2246467991473532e-16,-1.0,1.2246467991473532e-16,-1.0,0.12053668025532308,-0.992708874098054,0,0,0,0,0,0.0,0.0,0.0,74.0,26.428571428571427,74.0,24.607142857142858,25.915613973414803,684.9126550116769,0.0
2025-06-23,11.0,0,26,6,2,2025,307,0,1.2246467991473532e-16,-1.0,1.2246467991473532e-16,-1.0,-3.216245299353273e-16,-1.0,0,0,0,0,0,15.0,18.0,0.0,33.0,26.428571428571427,74.0,24.607142857142858,25.915613973414803,684.9126550116769,26.428571428571427
2025-06-24,32.0,1,26,6,2,2025,308,0,1.2246467991473532e-16,-1.0,1.2246467991473532e-16,-1.0,-3.216245299353273e-16,-1.0,0,0,0,0,0,40.0,19.0,18.0,11.0,25.857142857142858,74.0,25.0,26.251530567623327,678.7895761056889,25.857142857142858
2025-06-25,42.0,2,26,6,2,2025,309,0,1.2246467991473532e-16,-1.0,1.2246467991473532e-16,-1.0,-3.216245299353273e-16,-1.0,0,0,0,0,0,23.0,36.0,51.0,32.0,24.714285714285715,74.0,25.5,25.701584164627548,635.1962943543666,24.714285714285715
2025-06-26,17.0,3,26,6,2,2025,310,0,1.2246467991473532e-16,-1.0,1.2246467991473532e-16,-1.0,-3.216245299353273e-16,-1.0,0,0,0,0,0,74.0,32.0,28.0,42.0,27.428571428571427,74.0,25.178571428571427,26.481799679888056,726.3579340769295,27.428571428571427
2025-06-27,13.0,4,26,6,2,2025,311,0,1.2246467991473532e-16,-1.0,1.2246467991473532e-16,-1.0,-3.216245299353273e-16,-1.0,0,0,0,0,0,33.0,41.0,39.0,42.0,19.285714285714285,42.0,24.785714285714285,16.75026652239998,323.040854360571,19.285714285714285
2025-06-28,0.0,5,26,6,2,2025,312,1,1.2246467991473532e-16,-1.0,1.2246467991473532e-16,-1.0,-3.216245299353273e-16,-1.0,0,0,0,0,0,0.0,0.0,0.0,42.0,16.428571428571427,42.0,23.857142857142858,15.693492736982396,257.8216663932822,0.0
2025-06-29,0.0,6,26,6,2,2025,313,1,1.2246467991473532e-16,-1.0,1.2246467991473532e-16,-1.0,-3.216245299353273e-16,-1.0,0,0,0,0,0,0.0,0.0,0.0,17.0,16.428571428571427,42.0,23.857142857142858,15.693492736982396,257.8216663932822,0.0
2025-06-30,19.0,0,27,6,2,2025,314,0,1.2246467991473532e-16,-1.0,1.2246467991473532e-16,-1.0,-0.12053668025532283,-0.992708874098054,0,0,0,0,0,11.0,15.0,28.0,13.0,16.428571428571427,42.0,23.857142857142858,15.693492736982396,257.8216663932822,16.428571428571427
2025-07-01,25.0,1,27,7,3,2025,315,0,-0.4999999999999997,-0.8660254037844388,-1.0,-1.8369701987210297e-16,-0.12053668025532283,-0.992708874098054,0,0,0,0,0,32.0,40.0,27.0,19.0,17.571428571428573,42.0,23.535714285714285,15.522640914238334,272.7549760644736,17.571428571428573
2025-07-02,28.0,2,27,7,3,2025,316,0,-0.4999999999999997,-0.8660254037844388,-1.0,-1.8369701987210297e-16,-0.12053668025532283,-0.992708874098054,0,0,1,0,0,42.0,23.0,71.0,25.0,16.571428571428573,42.0,23.464285714285715,14.638501094228166,242.58087527578107,16.571428571428573
2025-07-03,31.0,3,27,7,3,2025,317,0,-0.4999999999999997,-0.8660254037844388,-1.0,-1.8369701987210297e-16,-0.12053668025532283,-0.992708874098054,0,1,1,0,0,17.0,74.0,78.0,28.0,14.571428571428571,28.0,21.928571428571427,11.118410300895203,162.0111215273301,14.571428571428571
2025-07-04,0.0,4,27,7,3,2025,318,0,-0.4999999999999997,-0.8660254037844388,-1.0,-1.8369701987210297e-16,-0.12053668025532283,-0.992708874098054,1,1,0,0,0,13.0,33.0,18.0,31.0,16.571428571428573,31.0,20.25,12.765280292746645,211.53893056551587,16.571428571428573
2025-07-05,0.0,5,27,7,3,2025,319,1,-0.4999999999999997,-0.8660254037844388,-1.0,-1.8369701987210297e-16,-0.12053668025532283,-0.992708874098054,1,0,0,1,0,0.0,0.0,0.0,31.0,14.714285714285714,31.0,19.607142857142858,14.232758993653812,209.4248823351918,0.0
2025-07-06,0.0,6,27,7,3,2025,320,1,-0.4999999999999997,-0.8660254037844388,-1.0,-1.8369701987210297e-16,-0.12053668025532283,-0.992708874098054,0,0,0,1,1,0.0,0.0,0.0,31.0,14.714285714285714,31.0,19.607142857142858,14.232758993653812,209.4248823351918,0.0
2025-07-07,22.0,0,28,7,3,2025,321,0,-0.4999999999999997,-0.8660254037844388,-1.0,-1.8369701987210297e-16,-0.23931566428755743,-0.9709418174260521,0,0,0,0,1,19.0,11.0,18.0,0.0,14.714285714285714,31.0,19.607142857142858,14.232758993653812,209.4248823351918,14.714285714285714
2025-07-08,6.0,1,28,7,3,2025,322,0,-0.4999999999999997,-0.8660254037844388,-1.0,-1.8369701987210297e-16,-0.23931566428755743,-0.9709418174260521,0,0,0,0,0,25.0,32.0,19.0,22.0,15.142857142857142,31.0,19.75,14.427156932079932,218.46837640006754,15.142857142857142
2025-07-09,55.0,2,28,7,3,2025,323,0,-0.4999999999999997,-0.8660254037844388,-1.0,-1.8369701987210297e-16,-0.23931566428755743,-0.9709418174260521,0,0,0,0,0,28.0,42.0,36.0,22.0,12.428571428571429,31.0,19.285714285714285,14.045843309880654,174.56976685137386,12.428571428571429
2025-07-10,35.0,3,28,7,3,2025,324,0,-0.4999999999999997,-0.8660254037844388,-1.0,-1.8369701987210297e-16,-0.23931566428755743,-0.9709418174260521,0,0,0,0,0,31.0,17.0,32.0,55.0,16.285714285714285,55.0,19.964285714285715,21.01360103769541,342.22150261389663,16.285714285714285
2025-07-11,21.0,4,28,7,3,2025,325,0,-0.4999999999999997,-0.8660254037844388,-1.0,-1.8369701987210297e-16,-0.23931566428755743,-0.9709418174260521,0,0,0,0,0,0.0,13.0,41.0,55.0,16.857142857142858,55.0,20.071428571428573,21.52849717179988,362.90895232462657,16.857142857142858
2025-07-12,0.0,5,28,7,3,2025,326,1,-0.4999999999999997,-0.8660254037844388,-1.0,-1.8369701987210297e-16,-0.23931566428755743,-0.9709418174260521,0,0,0,0,0,0.0,0.0,0.0,55.0,19.857142857142858,55.0,19.357142857142858,20.210793910091592,401.32862192896164,0.0
2025-07-13,0.0,6,28,7,3,2025,327,1,-0.4999999999999997,-0.8660254037844388,-1.0,-1.8369701987210297e-16,-0.23931566428755743,-0.9709418174260521,0,0,0,0,0,0.0,0.0,0.0,35.0,19.857142857142858,55.0,19.357142857142858,20.210793910091592,401.32862192896164,0.0
2025-07-14,27.0,0,29,7,3,2025,328,0,-0.4999999999999997,-0.8660254037844388,-1.0,-1.8369701987210297e-16,-0.3546048870425356,-0.9350162426854148,0,0,0,0,0,22.0,19.0,15.0,21.0,19.857142857142858,55.0,19.357142857142858,20.210793910091592,401.32862192896164,19.857142857142858
2025-07-15,14.0,1,29,7,3,2025,329,0,-0.4999999999999997,-0.8660254037844388,-1.0,-1.8369701987210297e-16,-0.3546048870425356,-0.9350162426854148,0,0,0,0,0,6.0,25.0,40.0,27.0,20.571428571428573,55.0,19.785714285714285,20.386737051795528,419.38430506550804,20.571428571428573
2025-07-16,13.0,2,29,7,3,2025,330,0,-0.4999999999999997,-0.8660254037844388,-1.0,-1.8369701987210297e-16,-0.3546048870425356,-0.9350162426854148,0,0,0,0,0,55.0,28.0,23.0,27.0,21.714285714285715,55.0,18.857142857142858,19.644458809159566,426.56539128460776,21.714285714285715
2025-07-17,34.0,3,29,7,3,2025,331,0,-0.4999999999999997,-0.8660254037844388,-1.0,-1.8369701987210297e-16,-0.3546048870425356,-0.9350162426854148,0,0,0,0,0,35.0,31.0,74.0,27.0,15.714285714285714,35.0,18.5,13.111245627504921,206.0338598607916,15.714285714285714
2025-07-18,10.0,4,29,7,3,2025,332,0,-0.4999999999999997,-0.8660254037844388,-1.0,-1.8369701987210297e-16,-0.3546048870425356,-0.9350162426854148,0,0,0,0,0,21.0,0.0,33.0,34.0,15.571428571428571,34.0,17.071428571428573,12.869306415617455,200.39348561461466,15.571428571428571
2025-07-19,0.0,5,29,7,3,2025,333,1,-0.4999999999999997,-0.8660254037844388,-1.0,-1.8369701987210297e-16,-0.3546048870425356,-0.9350162426854148,0,0,0,0,0,0.0,0.0,0.0,34.0,14.0,34.0,16.25,12.7671453348039,178.7400346872546,0.0
2025-07-20,0.0,6,29,7,3,2025,334,1,-0.4999999999999997,-0.8660254037844388,-1.0,-1.8369701987210297e-16,-0.3546048870425356,-0.9350162426854148,0,0,0,0,0,0.0,0.0,0.0,34.0,14.0,34.0,16.25,12.7671453348039,178.7400346872546,0.0
2025-07-21,15.0,0,30,7,3,2025,335,0,-0.4999999999999997,-0.8660254037844388,-1.0,-1.8369701987210297e-16,-0.46472317204376806,-0.8854560256532101,0,0,0,0,0,27.0,22.0,11.0,10.0,14.0,34.0,16.25,12.7671453348039,178.7400346872546,14.0
2025-07-22,102.0,1,30,7,3,2025,336,0,-0.4999999999999997,-0.8660254037844388,-1.0,-1.8369701987210297e-16,-0.46472317204376806,-0.8854560256532101,0,0,0,0,0,14.0,6.0,32.0,15.0,12.285714285714286,34.0,16.392857142857142,11.470458952083545,140.92278141131214,12.285714285714286
2025-07-23,77.0,2,30,7,3,2025,337,0,-0.4999999999999997,-0.8660254037844388,-1.0,-1.8369701987210297e-16,-0.46472317204376806,-0.8854560256532101,0,0,0,0,0,13.0,55.0,42.0,102.0,24.857142857142858,102.0,18.892857142857142,35.89070711399905,892.1404339765478,24.857142857142858
2025-07-24,15.0,3,30,7,3,2025,338,0,-0.4999999999999997,-0.8660254037844388,-1.0,-1.8369701987210297e-16,-0.46472317204376806,-0.8854560256532101,0,0,0,0,0,34.0,35.0,17.0,102.0,34.0,102.0,20.142857142857142,40.25336424863564,1368.6143844536118,34.0
2025-07-25,20.0,4,30,7,3,2025,339,0,-0.4999999999999997,-0.8660254037844388,-1.0,-1.8369701987210297e-16,-0.46472317204376806,-0.8854560256532101,0,0,0,0,0,10.0,21.0,13.0,102.0,31.285714285714285,102.0,20.071428571428573,40.8889320220615,1279.23944469021,31.285714285714285
2025-07-26,0.0,5,30,7,3,2025,340,1,-0.4999999999999997,-0.8660254037844388,-1.0,-1.8369701987210297e-16,-0.46472317204376806,-0.8854560256532101,0,0,0,0,0,0.0,0.0,0.0,77.0,32.714285714285715,102.0,20.321428571428573,40.190024822561384,1314.7879549095082,0.0
2025-07-27,0.0,6,30,7,3,2025,341,1,-0.4999999999999997,-0.8660254037844388,-1.0,-1.8369701987210297e-16,-0.46472317204376806,-0.8854560256532101,0,0,0,0,0,0.0,0.0,0.0,20.0,32.714285714285715,102.0,20.321428571428573,40.19002482256138,1314.787954909508,0.0
2025-07-28,40.0,0,31,7,3,2025,342,0,-0.4999999999999997,-0.8660254037844388,-1.0,-1.8369701987210297e-16,-0.5680647467311556,-0.8229838658936565,0,0,0,0,0,15.0,27.0,19.0,20.0,32.714285714285715,102.0,20.321428571428573,40.19002482256138,1314.787954909508,32.714285714285715
2025-07-29,153.0,1,31,7,3,2025,343,0,-0.4999999999999997,-0.8660254037844388,-1.0,-1.8369701987210297e-16,-0.5680647467311556,-0.8229838658936565,0,0,0,0,0,102.0,14.0,25.0,40.0,36.285714285714285,102.0,21.071428571428573,39.45763249239323,1431.7483790096971,36.285714285714285
2025-07-30,17.0,2,31,7,3,2025,344,0,-0.4999999999999997,-0.8660254037844388,-1.0,-1.8369701987210297e-16,-0.5680647467311556,-0.8229838658936565,0,0,0,0,0,77.0,13.0,28.0,153.0,43.57142857142857,153.0,25.642857142857142,55.187127553615724,2404.581986264685,43.57142857142857
2025-07-31,26.0,3,31,7,3,2025,345,0,-0.4999999999999997,-0.8660254037844388,-1.0,-1.8369701987210297e-16,-0.5680647467311556,-0.8229838658936565,0,0,0,0,0,15.0,34.0,31.0,153.0,35.0,153.0,25.25,53.771119881711016,1881.9891958598855,35.0
2025-08-01,14.0,4,31,8,3,2025,346,0,-0.8660254037844384,-0.5000000000000004,-1.0,-1.8369701987210297e-16,-0.5680647467311556,-0.8229838658936565,0,0,0,0,0,20.0,10.0,0.0,153.0,36.57142857142857,153.0,25.071428571428573,53.24740100968045,1947.3335226397421,36.57142857142857
2025-08-02,0.0,5,31,8,3,2025,347,1,-0.8660254037844384,-0.5000000000000004,-1.0,-1.8369701987210297e-16,-0.5680647467311556,-0.8229838658936565,0,0,0,0,0,0.0,0.0,0.0,26.0,35.714285714285715,153.0,25.571428571428573,53.60570332130186,1914.4894043322092,0.0
2025-08-03,0.0,6,31,8,3,2025,348,1,-0.8660254037844384,-0.5000000000000004,-1.0,-1.8369701987210297e-16,-0.5680647467311556,-0.8229838658936565,0,0,0,0,0,0.0,0.0,0.0,26.0,35.714285714285715,153.0,25.571428571428573,53.60570332130186,1914.4894043322092,0.0
2025-08-04,16.0,0,32,8,3,2025,349,0,-0.8660254037844384,-0.5000000000000004,-1.0,-1.8369701987210297e-16,-0.663122658240795,-0.7485107481711013,0,0,0,0,0,40.0,15.0,22.0,14.0,35.714285714285715,153.0,25.571428571428573,53.60570332130186,1914.4894043322092,35.714285714285715
2025-08-05,25.0,1,32,8,3,2025,350,0,-0.8660254037844384,-0.5000000000000004,-1.0,-1.8369701987210297e-16,-0.663122658240795,-0.7485107481711013,0,0,0,0,0,153.0,102.0,6.0,16.0,32.285714285714285,153.0,25.357142857142858,54.05156268389872,1745.09330950873,32.285714285714285
2025-08-06,48.0,2,32,8,3,2025,351,0,-0.8660254037844384,-0.5000000000000004,-1.0,-1.8369701987210297e-16,-0.663122658240795,-0.7485107481711013,0,0,0,0,0,17.0,77.0,55.0,25.0,14.0,26.0,26.035714285714285,10.567244989431765,147.9414298520447,14.0
2025-08-07,25.0,3,32,8,3,2025,352,0,-0.8660254037844384,-0.5000000000000004,-1.0,-1.8369701987210297e-16,-0.663122658240795,-0.7485107481711013,0,0,0,0,0,26.0,15.0,35.0,48.0,18.428571428571427,48.0,25.785714285714285,16.73177757897783,308.34275824116287,18.428571428571427
2025-08-08,31.0,4,32,8,3,2025,353,0,-0.8660254037844384,-0.5000000000000004,-1.0,-1.8369701987210297e-16,-0.663122658240795,-0.7485107481711013,0,0,0,0,0,14.0,20.0,21.0,48.0,18.285714285714285,48.0,25.428571428571427,16.66047504038924,304.6486864528318,18.285714285714285
2025-08-09,0.0,5,32,8,3,2025,354,1,-0.8660254037844384,-0.5000000000000004,-1.0,-1.8369701987210297e-16,-0.663122658240795,-0.7485107481711013,0,0,0,0,0,0.0,0.0,0.0,48.0,20.714285714285715,48.0,25.785714285714285,17.163083306079734,355.5210113402231,0.0
2025-08-10,0.0,6,32,8,3,2025,355,1,-0.8660254037844384,-0.5000000000000004,-1.0,-1.8369701987210297e-16,-0.663122658240795,-0.7485107481711013,0,0,0,0,0,0.0,0.0,0.0,31.0,20.714285714285715,48.0,25.785714285714285,17.163083306079734,355.5210113402231,0.0
2025-08-11,53.0,0,33,8,3,2025,356,0,-0.8660254037844384,-0.5000000000000004,-1.0,-1.8369701987210297e-16,-0.7485107481711011,-0.6631226582407952,0,0,0,0,0,16.0,40.0,27.0,31.0,20.714285714285715,48.0,25.785714285714285,17.163083306079734,355.5210113402231,20.714285714285715
2025-08-12,35.0,1,33,8,3,2025,357,0,-0.8660254037844384,-0.5000000000000004,-1.0,-1.8369701987210297e-16,-0.7485107481711011,-0.6631226582407952,0,0,0,0,0,25.0,153.0,14.0,53.0,26.0,53.0,26.714285714285715,20.784609690826635,540.3998519614925,26.0
2025-08-13,26.0,2,33,8,3,2025,358,0,-0.8660254037844384,-0.5000000000000004,-1.0,-1.8369701987210297e-16,-0.7485107481711011,-0.6631226582407952,0,0,1,0,0,48.0,17.0,13.0,53.0,27.428571428571427,53.0,27.464285714285715,21.046433924833572,577.2736162240066,27.428571428571427
2025-08-14,22.0,3,33,8,3,2025,359,0,-0.8660254037844384,-0.5000000000000004,-1.0,-1.8369701987210297e-16,-0.7485107481711011,-0.6631226582407952,0,1,0,0,0,25.0,26.0,34.0,53.0,24.285714285714285,53.0,27.928571428571427,19.006264631381402,461.58071247640544,24.285714285714285
2025-08-15,0.0,4,33,8,3,2025,360,0,-0.8660254037844384,-0.5000000000000004,-1.0,-1.8369701987210297e-16,-0.7485107481711011,-0.6631226582407952,1,0,0,0,0,31.0,14.0,10.0,35.0,23.857142857142858,53.0,27.5,19.02129132865401,453.79366455503134,23.857142857142858
2025-08-16,0.0,5,33,8,3,2025,361,1,-0.8660254037844384,-0.5000000000000004,-1.0,-1.8369701987210297e-16,-0.7485107481711011,-0.6631226582407952,0,0,0,1,0,0.0,0.0,0.0,26.0,19.428571428571427,53.0,27.142857142857142,20.622456553129616,400.6648701750897,0.0
2025-08-17,0.0,6,33,8,3,2025,362,1,-0.8660254037844384,-0.5000000000000004,-1.0,-1.8369701987210297e-16,-0.7485107481711011,-0.6631226582407952,0,0,0,0,1,0.0,0.0,0.0,22.0,19.428571428571427,53.0,27.142857142857142,20.622456553129616,400.6648701750897,0.0
2025-08-18,22.0,0,34,8,3,2025,363,0,-0.8660254037844384,-0.5000000000000004,-1.0,-1.8369701987210297e-16,-0.8229838658936564,-0.5680647467311559,0,0,0,0,0,53.0,16.0,15.0,0.0,19.428571428571427,53.0,27.142857142857142,20.622456553129616,400.6648701750897,19.428571428571427
2025-08-19,195.0,1,34,8,3,2025,364,0,-0.8660254037844384,-0.5000000000000004,-1.0,-1.8369701987210297e-16,-0.8229838658936564,-0.5680647467311559,0,0,0,0,0,35.0,25.0,102.0,22.0,15.0,35.0,27.392857142857142,14.685593847940602,220.28390771910904,15.0
2025-08-20,31.0,2,34,8,3,2025,365,0,-0.8660254037844384,-0.5000000000000004,-1.0,-1.8369701987210297e-16,-0.8229838658936564,-0.5680647467311559,0,0,0,0,0,26.0,48.0,77.0,195.0,37.857142857142854,195.0,30.714285714285715,70.28140714638684,2660.653270541787,37.857142857142854
2025-08-21,32.0,3,34,8,3,2025,366,0,-0.8660254037844384,-0.5000000000000004,-1.0,-1.8369701987210297e-16,-0.8229838658936564,-0.5680647467311559,0,0,0,0,0,22.0,25.0,15.0,195.0,38.57142857142857,195.0,29.071428571428573,70.16612939507009,2706.4078480955604,38.57142857142857
2025-08-22,42.0,4,34,8,3,2025,367,0,-0.8660254037844384,-0.5000000000000004,-1.0,-1.8369701987210297e-16,-0.8229838658936564,-0.5680647467311559,0,0,0,0,0,0.0,31.0,20.0,195.0,40.0,195.0,29.678571428571427,69.87369557518294,2794.9478230073173,40.0
2025-08-23,0.0,5,34,8,3,2025,368,1,-0.8660254037844384,-0.5000000000000004,-1.0,-1.8369701987210297e-16,-0.8229838658936564,-0.5680647467311559,0,0,0,0,0,0.0,0.0,0.0,42.0,46.0,195.0,30.464285714285715,67.63381797099244,3111.155626665652,0.0
2025-08-24,0.0,6,34,8,3,2025,369,1,-0.8660254037844384,-0.5000000000000004,-1.0,-1.8369701987210297e-16,-0.8229838658936564,-0.5680647467311559,0,0,0,0,0,0.0,0.0,0.0,42.0,46.0,195.0,30.464285714285715,67.63381797099244,3111.155626665652,0.0
2025-08-25,91.0,0,35,8,3,2025,370,0,-0.8660254037844384,-0.5000000000000004,-1.0,-1.8369701987210297e-16,-0.8854560256532096,-0.4647231720437691,0,0,0,0,0,22.0,53.0,40.0,42.0,46.0,195.0,30.464285714285715,67.63381797099244,3111.155626665652,46.0
2025-08-26,21.0,1,35,8,3,2025,371,0,-0.8660254037844384,-0.5000000000000004,-1.0,-1.8369701987210297e-16,-0.8854560256532096,-0.4647231720437691,0,0,0,0,0,195.0,35.0,153.0,91.0,55.857142857142854,195.0,32.285714285714285,68.57460310112045,3830.381401791156,55.857142857142854
2025-08-27,19.0,2,35,8,3,2025,372,0,-0.8660254037844384,-0.5000000000000004,-1.0,-1.8369701987210297e-16,-0.8854560256532096,-0.4647231720437691,0,0,0,0,0,31.0,26.0,17.0,91.0,31.0,91.0,27.571428571428573,30.940803695659532,959.1649145654455,31.0
2025-08-28,21.0,3,35,8,3,2025,373,0,-0.8660254037844384,-0.5000000000000004,-1.0,-1.8369701987210297e-16,-0.8854560256532096,-0.4647231720437691,0,0,0,0,0,32.0,22.0,26.0,91.0,29.285714285714285,91.0,27.642857142857142,31.271468815915362,915.8073010375213,29.285714285714285
2025-08-29,27.0,4,35,8,3,2025,374,0,-0.8660254037844384,-0.5000000000000004,-1.0,-1.8369701987210297e-16,-0.8854560256532096,-0.4647231720437691,0,0,0,0,0,42.0,0.0,14.0,21.0,27.714285714285715,91.0,27.464285714285715,31.388502596302683,869.9099290975315,27.714285714285715
